-- 테이블 데이터 mentoridge.user:~0 rows (대략적) 내보내기
/*!40000 ALTER TABLE `user` DISABLE KEYS */;
INSERT INTO `user` (`user_id`, `created_at`, `updated_at`, `accused_count`, `bio`, `birth_year`, `deleted`, `deleted_at`, `email`, `email_verified`, `email_verified_at`, `email_verify_token`, `fcm_token`, `gender`, `image`, `last_login_at`, `name`, `nickname`, `password`, `phone_number`, `provider`, `provider_id`, `quit_reason`, `role`, `username`, `dong_myun_li`, `si_gun_gu`, `state`) VALUES
    (1, '2021-01-01 20:44:00', NULL, 0, 'bio1', '1991', 0, NULL, 'user1@email.com', 1, '2021-01-17 20:46:00', NULL, NULL, 'MALE', NULL, NULL, 'user1', 'user1', '$2a$10$HvrZYW8n/um6qLXrF79q0eiswWyI0MvozWBmY2VLLlCczinCHI8zG', '01012340001', NULL, NULL, NULL, 'MENTOR', 'user1@email.com', '﻿필동', '중구', '서울특별시'),
    (2, '2021-01-02 20:44:00', NULL, 0, 'bio2', '1992', 0, NULL, 'user2@email.com', 1, '2021-01-18 20:46:00', NULL, NULL, 'FEMALE', NULL, NULL, 'user2', 'user2', '$2a$10$HvrZYW8n/um6qLXrF79q0eiswWyI0MvozWBmY2VLLlCczinCHI8zG', '01012340002', NULL, NULL, NULL, 'MENTOR', 'user2@email.com', '석관동', '성북구', '서울특별시'),
    (3, '2021-01-03 20:44:00', NULL, 0, 'bio3', '1993', 0, NULL, 'user3@email.com', 1, '2021-01-19 20:46:00', NULL, NULL, 'MALE', NULL, NULL, 'user3', 'user3', '$2a$10$HvrZYW8n/um6qLXrF79q0eiswWyI0MvozWBmY2VLLlCczinCHI8zG', '01012340003', NULL, NULL, NULL, 'MENTOR', 'user3@email.com', '영등포동', '영등포구', '서울특별시'),
    (4, '2021-01-04 20:44:00', NULL, 0, 'bio4', '1994', 0, NULL, 'user4@email.com', 1, '2021-01-20 20:46:00', NULL, NULL, 'FEMALE', NULL, NULL, 'user4', 'user4', '$2a$10$HvrZYW8n/um6qLXrF79q0eiswWyI0MvozWBmY2VLLlCczinCHI8zG', '01012340004', NULL, NULL, NULL, 'MENTOR', 'user4@email.com', '봉래동', '영도구', '부산광역시'),
    (5, '2021-01-05 20:44:00', NULL, 0, 'bio5', '1995', 0, NULL, 'user5@email.com', 1, '2021-01-21 20:46:00', NULL, NULL, 'MALE', NULL, NULL, 'user5', 'user5', '$2a$10$HvrZYW8n/um6qLXrF79q0eiswWyI0MvozWBmY2VLLlCczinCHI8zG', '01012340005', NULL, NULL, NULL, 'MENTOR', 'user5@email.com', '기장읍', '기장군', '부산광역시'),
    (6, '2021-01-06 20:44:00', NULL, 0, 'bio6', '1996', 0, NULL, 'user6@email.com', 1, '2021-01-22 20:46:00', NULL, NULL, 'FEMALE', NULL, NULL, 'user6', 'user6', '$2a$10$HvrZYW8n/um6qLXrF79q0eiswWyI0MvozWBmY2VLLlCczinCHI8zG', '01012340006', NULL, NULL, NULL, 'MENTOR', 'user6@email.com', '서내동', '중구', '대구광역시'),
    (7, '2021-01-07 20:44:00', NULL, 0, 'bio7', '1997', 0, NULL, 'user7@email.com', 1, '2021-01-23 20:46:00', NULL, NULL, 'MALE', NULL, NULL, 'user7', 'user7', '$2a$10$HvrZYW8n/um6qLXrF79q0eiswWyI0MvozWBmY2VLLlCczinCHI8zG', '01012340007', NULL, NULL, NULL, 'MENTOR', 'user7@email.com', '두산동', '수성구', '대구광역시'),
    (8, '2021-01-08 20:44:00', NULL, 0, 'bio8', '1998', 0, NULL, 'user8@email.com', 1, '2021-01-24 20:46:00', NULL, NULL, 'FEMALE', NULL, NULL, 'user8', 'user8', '$2a$10$HvrZYW8n/um6qLXrF79q0eiswWyI0MvozWBmY2VLLlCczinCHI8zG', '01012340008', NULL, NULL, NULL, 'MENTOR', 'user8@email.com', '기곡리', '달성군', '대구광역시'),
    (9, '2021-01-09 20:44:00', NULL, 0, 'bio9', '1999', 0, NULL, 'user9@email.com', 1, '2021-01-25 20:46:00', NULL, NULL, 'MALE', NULL, NULL, 'user9', 'user9', '$2a$10$HvrZYW8n/um6qLXrF79q0eiswWyI0MvozWBmY2VLLlCczinCHI8zG', '01012340009', NULL, NULL, NULL, 'MENTOR', 'user9@email.com', '서창동', '남동구', '인천광역시'),
    (10, '2021-01-10 20:44:00', NULL, 0, 'bio10', '2000', 0, NULL, 'user10@email.com', 1, '2021-01-26 20:46:00', NULL, NULL, 'FEMALE', NULL, NULL, 'user10', 'user10', '$2a$10$HvrZYW8n/um6qLXrF79q0eiswWyI0MvozWBmY2VLLlCczinCHI8zG', '01012340010', NULL, NULL, NULL, 'MENTOR', 'user10@email.com', '동막리', '강화군', '인천광역시'),
    (11, '2021-01-11 20:44:00', NULL, 0, 'bio11', '2001', 0, NULL, 'user11@email.com', 1, '2021-01-27 20:46:00', NULL, NULL, 'MALE', NULL, NULL, 'user11', 'user11', '$2a$10$HvrZYW8n/um6qLXrF79q0eiswWyI0MvozWBmY2VLLlCczinCHI8zG', '01012340011', NULL, NULL, NULL, 'MENTOR', 'user11@email.com', '승봉리', '옹진군', '인천광역시'),
    (12, '2021-01-12 20:44:00', NULL, 0, 'bio12', '2002', 0, NULL, 'user12@email.com', 1, '2021-01-28 20:46:00', NULL, NULL, 'FEMALE', NULL, NULL, 'user12', 'user12', '$2a$10$HvrZYW8n/um6qLXrF79q0eiswWyI0MvozWBmY2VLLlCczinCHI8zG', '01012340012', NULL, NULL, NULL, 'MENTOR', 'user12@email.com', '화암동', '북구', '광주광역시'),
    (13, '2021-01-13 20:44:00', NULL, 0, 'bio13', '2003', 0, NULL, 'user13@email.com', 1, '2021-01-29 20:46:00', NULL, NULL, 'MALE', NULL, NULL, 'user13', 'user13', '$2a$10$HvrZYW8n/um6qLXrF79q0eiswWyI0MvozWBmY2VLLlCczinCHI8zG', '01012340013', NULL, NULL, NULL, 'MENTOR', 'user13@email.com', '인동', '동구', '대전광역시'),
    (14, '2021-01-14 20:44:00', NULL, 0, 'bio14', '2004', 0, NULL, 'user14@email.com', 1, '2021-01-30 20:46:00', NULL, NULL, 'FEMALE', NULL, NULL, 'user14', 'user14', '$2a$10$HvrZYW8n/um6qLXrF79q0eiswWyI0MvozWBmY2VLLlCczinCHI8zG', '01012340014', NULL, NULL, NULL, 'MENTOR', 'user14@email.com', '대정동', '유성구', '대전광역시'),
    (15, '2021-01-15 20:44:00', NULL, 0, 'bio15', '2005', 0, NULL, 'user15@email.com', 1, '2021-01-31 20:46:00', NULL, NULL, 'MALE', NULL, NULL, 'user15', 'user15', '$2a$10$HvrZYW8n/um6qLXrF79q0eiswWyI0MvozWBmY2VLLlCczinCHI8zG', '01012340015', NULL, NULL, NULL, 'MENTOR', 'user15@email.com', '달동', '남구', '울산광역시'),
    (16, '2021-01-16 20:44:00', NULL, 0, 'bio16', '2006', 0, NULL, 'user16@email.com', 1, '2021-02-01 20:46:00', NULL, NULL, 'FEMALE', NULL, NULL, 'user16', 'user16', '$2a$10$HvrZYW8n/um6qLXrF79q0eiswWyI0MvozWBmY2VLLlCczinCHI8zG', '01012340016', NULL, NULL, NULL, 'MENTOR', 'user16@email.com', '중리', '울주군', '울산광역시'),
    (17, '2021-01-17 20:44:00', NULL, 0, 'bio17', '2007', 0, NULL, 'user17@email.com', 1, '2021-02-02 20:46:00', NULL, NULL, 'MALE', NULL, NULL, 'user17', 'user17', '$2a$10$HvrZYW8n/um6qLXrF79q0eiswWyI0MvozWBmY2VLLlCczinCHI8zG', '01012340017', NULL, NULL, NULL, 'MENTOR', 'user17@email.com', '눌왕리', '', '세종특별자치시'),
    (18, '2021-01-18 20:44:00', NULL, 0, 'bio18', '2008', 0, NULL, 'user18@email.com', 1, '2021-02-03 20:46:00', NULL, NULL, 'FEMALE', NULL, NULL, 'user18', 'user18', '$2a$10$HvrZYW8n/um6qLXrF79q0eiswWyI0MvozWBmY2VLLlCczinCHI8zG', '01012340018', NULL, NULL, NULL, 'MENTOR', 'user18@email.com', '다방리', '', '세종특별자치시'),
    (19, '2021-01-19 20:44:00', NULL, 0, 'bio19', '2009', 0, NULL, 'user19@email.com', 1, '2021-02-04 20:46:00', NULL, NULL, 'MALE', NULL, NULL, 'user19', 'user19', '$2a$10$HvrZYW8n/um6qLXrF79q0eiswWyI0MvozWBmY2VLLlCczinCHI8zG', '01012340019', NULL, NULL, NULL, 'MENTOR', 'user19@email.com', '율동', '성남시 분당구', '경기도'),
    (20, '2021-01-20 20:44:00', NULL, 0, 'bio20', '1991', 0, NULL, 'user20@email.com', 1, '2021-02-05 20:46:00', NULL, NULL, 'FEMALE', NULL, NULL, 'user20', 'user20', '$2a$10$HvrZYW8n/um6qLXrF79q0eiswWyI0MvozWBmY2VLLlCczinCHI8zG', '01012340020', NULL, NULL, NULL, 'MENTOR', 'user20@email.com', '평궁리', '평택시', '경기도'),
    (21, '2021-01-21 20:44:00', NULL, 0, 'bio21', '1992', 0, NULL, 'user21@email.com', 1, '2021-02-06 20:46:00', NULL, NULL, 'MALE', NULL, NULL, 'user21', 'user21', '$2a$10$HvrZYW8n/um6qLXrF79q0eiswWyI0MvozWBmY2VLLlCczinCHI8zG', '01012340021', NULL, NULL, NULL, 'MENTOR', 'user21@email.com', '당거리', '평택시', '경기도'),
    (22, '2021-01-22 20:44:00', NULL, 0, 'bio22', '1993', 0, NULL, 'user22@email.com', 1, '2021-02-07 20:46:00', NULL, NULL, 'FEMALE', NULL, NULL, 'user22', 'user22', '$2a$10$HvrZYW8n/um6qLXrF79q0eiswWyI0MvozWBmY2VLLlCczinCHI8zG', '01012340022', NULL, NULL, NULL, 'MENTOR', 'user22@email.com', '설문동', '고양시 일산동구', '경기도'),
    (23, '2021-01-23 20:44:00', NULL, 0, 'bio23', '1994', 0, NULL, 'user23@email.com', 1, '2021-02-08 20:46:00', NULL, NULL, 'MALE', NULL, NULL, 'user23', 'user23', '$2a$10$HvrZYW8n/um6qLXrF79q0eiswWyI0MvozWBmY2VLLlCczinCHI8zG', '01012340023', NULL, NULL, NULL, 'MENTOR', 'user23@email.com', '원동', '오산시', '경기도'),
    (24, '2021-01-24 20:44:00', NULL, 0, 'bio24', '1995', 0, NULL, 'user24@email.com', 1, '2021-02-09 20:46:00', NULL, NULL, 'FEMALE', NULL, NULL, 'user24', 'user24', '$2a$10$HvrZYW8n/um6qLXrF79q0eiswWyI0MvozWBmY2VLLlCczinCHI8zG', '01012340024', NULL, NULL, NULL, 'MENTOR', 'user24@email.com', '남동', '용인시 처인구', '경기도'),
    (25, '2021-01-25 20:44:00', NULL, 0, 'bio25', '1996', 0, NULL, 'user25@email.com', 1, '2021-02-10 20:46:00', NULL, NULL, 'MALE', NULL, NULL, 'user25', 'user25', '$2a$10$HvrZYW8n/um6qLXrF79q0eiswWyI0MvozWBmY2VLLlCczinCHI8zG', '01012340025', NULL, NULL, NULL, 'MENTOR', 'user25@email.com', '청덕동', '용인시 기흥구', '경기도'),
    (26, '2021-01-26 20:44:00', NULL, 0, 'bio26', '1997', 0, NULL, 'user26@email.com', 1, '2021-02-11 20:46:00', NULL, NULL, 'FEMALE', NULL, NULL, 'user26', 'user26', '$2a$10$HvrZYW8n/um6qLXrF79q0eiswWyI0MvozWBmY2VLLlCczinCHI8zG', '01012340026', NULL, NULL, NULL, 'MENTOR', 'user26@email.com', '영장리', '파주시', '경기도'),
    (27, '2021-01-27 20:44:00', NULL, 0, 'bio27', '1998', 0, NULL, 'user27@email.com', 1, '2021-02-12 20:46:00', NULL, NULL, 'MALE', NULL, NULL, 'user27', 'user27', '$2a$10$HvrZYW8n/um6qLXrF79q0eiswWyI0MvozWBmY2VLLlCczinCHI8zG', '01012340027', NULL, NULL, NULL, 'MENTOR', 'user27@email.com', '지석리', '이천시', '경기도'),
    (28, '2021-01-28 20:44:00', NULL, 0, 'bio28', '1999', 0, NULL, 'user28@email.com', 1, '2021-02-13 20:46:00', NULL, NULL, 'FEMALE', NULL, NULL, 'user28', 'user28', '$2a$10$HvrZYW8n/um6qLXrF79q0eiswWyI0MvozWBmY2VLLlCczinCHI8zG', '01012340028', NULL, NULL, NULL, 'MENTOR', 'user28@email.com', '구포동', '안성시', '경기도'),
    (29, '2021-01-29 20:44:00', NULL, 0, 'bio29', '2000', 0, NULL, 'user29@email.com', 1, '2021-02-14 20:46:00', NULL, NULL, 'MALE', NULL, NULL, 'user29', 'user29', '$2a$10$HvrZYW8n/um6qLXrF79q0eiswWyI0MvozWBmY2VLLlCczinCHI8zG', '01012340029', NULL, NULL, NULL, 'MENTOR', 'user29@email.com', '정동리', '안성시', '경기도'),
    (30, '2021-01-30 20:44:00', NULL, 0, 'bio30', '2001', 0, NULL, 'user30@email.com', 1, '2021-02-15 20:46:00', NULL, NULL, 'FEMALE', NULL, NULL, 'user30', 'user30', '$2a$10$HvrZYW8n/um6qLXrF79q0eiswWyI0MvozWBmY2VLLlCczinCHI8zG', '01012340030', NULL, NULL, NULL, 'MENTOR', 'user30@email.com', '월향리', '안성시', '경기도'),
    (31, '2021-01-31 20:44:00', NULL, 0, 'bio31', '2002', 0, NULL, 'user31@email.com', 1, '2021-02-16 20:46:00', NULL, NULL, 'MALE', NULL, NULL, 'user31', 'user31', '$2a$10$HvrZYW8n/um6qLXrF79q0eiswWyI0MvozWBmY2VLLlCczinCHI8zG', '01012340031', NULL, NULL, NULL, 'MENTOR', 'user31@email.com', '상리', '화성시', '경기도'),
    (32, '2021-02-01 20:44:00', NULL, 0, 'bio32', '2003', 0, NULL, 'user32@email.com', 1, '2021-02-17 20:46:00', NULL, NULL, 'FEMALE', NULL, NULL, 'user32', 'user32', '$2a$10$HvrZYW8n/um6qLXrF79q0eiswWyI0MvozWBmY2VLLlCczinCHI8zG', '01012340032', NULL, NULL, NULL, 'MENTOR', 'user32@email.com', '삼존리', '화성시', '경기도'),
    (33, '2021-02-02 20:44:00', NULL, 0, 'bio33', '2004', 0, NULL, 'user33@email.com', 1, '2021-02-18 20:46:00', NULL, NULL, 'MALE', NULL, NULL, 'user33', 'user33', '$2a$10$HvrZYW8n/um6qLXrF79q0eiswWyI0MvozWBmY2VLLlCczinCHI8zG', '01012340033', NULL, NULL, NULL, 'MENTOR', 'user33@email.com', '문형리', '광주시', '경기도'),
    (34, '2021-02-03 20:44:00', NULL, 0, 'bio34', '2005', 0, NULL, 'user34@email.com', 1, '2021-02-19 20:46:00', NULL, NULL, 'FEMALE', NULL, NULL, 'user34', 'user34', '$2a$10$HvrZYW8n/um6qLXrF79q0eiswWyI0MvozWBmY2VLLlCczinCHI8zG', '01012340034', NULL, NULL, NULL, 'MENTOR', 'user34@email.com', '선암리', '양주시', '경기도'),
    (35, '2021-02-04 20:44:00', NULL, 0, 'bio35', '2006', 0, NULL, 'user35@email.com', 1, '2021-02-20 20:46:00', NULL, NULL, 'MALE', NULL, NULL, 'user35', 'user35', '$2a$10$HvrZYW8n/um6qLXrF79q0eiswWyI0MvozWBmY2VLLlCczinCHI8zG', '01012340035', NULL, NULL, NULL, 'MENTOR', 'user35@email.com', '영평리', '포천시', '경기도'),
    (36, '2021-02-05 20:44:00', NULL, 0, 'bio36', '2007', 0, NULL, 'user36@email.com', 1, '2021-02-21 20:46:00', NULL, NULL, 'FEMALE', NULL, NULL, 'user36', 'user36', '$2a$10$HvrZYW8n/um6qLXrF79q0eiswWyI0MvozWBmY2VLLlCczinCHI8zG', '01012340036', NULL, NULL, NULL, 'MENTOR', 'user36@email.com', '상대리', '여주시', '경기도'),
    (37, '2021-02-06 20:44:00', NULL, 0, 'bio37', '2008', 0, NULL, 'user37@email.com', 1, '2021-02-22 20:46:00', NULL, NULL, 'MALE', NULL, NULL, 'user37', 'user37', '$2a$10$HvrZYW8n/um6qLXrF79q0eiswWyI0MvozWBmY2VLLlCczinCHI8zG', '01012340037', NULL, NULL, NULL, 'MENTOR', 'user37@email.com', '부곡리', '연천군', '경기도'),
    (38, '2021-02-07 20:44:00', NULL, 0, 'bio38', '2009', 0, NULL, 'user38@email.com', 1, '2021-02-23 20:46:00', NULL, NULL, 'FEMALE', NULL, NULL, 'user38', 'user38', '$2a$10$HvrZYW8n/um6qLXrF79q0eiswWyI0MvozWBmY2VLLlCczinCHI8zG', '01012340038', NULL, NULL, NULL, 'MENTOR', 'user38@email.com', '자작리', '연천군', '경기도'),
    (39, '2021-02-08 20:44:00', NULL, 0, 'bio39', '1991', 0, NULL, 'user39@email.com', 1, '2021-02-24 20:46:00', NULL, NULL, 'MALE', NULL, NULL, 'user39', 'user39', '$2a$10$HvrZYW8n/um6qLXrF79q0eiswWyI0MvozWBmY2VLLlCczinCHI8zG', '01012340039', NULL, NULL, NULL, 'MENTOR', 'user39@email.com', '양서면', '양평군', '경기도'),
    (40, '2021-02-09 20:44:00', NULL, 0, 'bio40', '1992', 0, NULL, 'user40@email.com', 1, '2021-02-25 20:46:00', NULL, NULL, 'FEMALE', NULL, NULL, 'user40', 'user40', '$2a$10$HvrZYW8n/um6qLXrF79q0eiswWyI0MvozWBmY2VLLlCczinCHI8zG', '01012340040', NULL, NULL, NULL, 'MENTOR', 'user40@email.com', '조양동', '춘천시', '강원도'),
    (41, '2021-02-10 20:44:00', NULL, 0, 'bio41', '1993', 0, NULL, 'user41@email.com', 1, '2021-02-26 20:46:00', NULL, NULL, 'MALE', NULL, NULL, 'user41', 'user41', '$2a$10$HvrZYW8n/um6qLXrF79q0eiswWyI0MvozWBmY2VLLlCczinCHI8zG', '01012340041', NULL, NULL, NULL, 'MENTOR', 'user41@email.com', '수동리', '춘천시', '강원도'),
    (42, '2021-02-11 20:44:00', NULL, 0, 'bio42', '1994', 0, NULL, 'user42@email.com', 1, '2021-02-27 20:46:00', NULL, NULL, 'FEMALE', NULL, NULL, 'user42', 'user42', '$2a$10$HvrZYW8n/um6qLXrF79q0eiswWyI0MvozWBmY2VLLlCczinCHI8zG', '01012340042', NULL, NULL, NULL, 'MENTOR', 'user42@email.com', '임당동', '강릉시', '강원도'),
    (43, '2021-02-12 20:44:00', NULL, 0, 'bio43', '1995', 0, NULL, 'user43@email.com', 1, '2021-02-28 20:46:00', NULL, NULL, 'MALE', NULL, NULL, 'user43', 'user43', '$2a$10$HvrZYW8n/um6qLXrF79q0eiswWyI0MvozWBmY2VLLlCczinCHI8zG', '01012340043', NULL, NULL, NULL, 'MENTOR', 'user43@email.com', '방내리', '강릉시', '강원도'),
    (44, '2021-02-13 20:44:00', NULL, 0, 'bio44', '1996', 0, NULL, 'user44@email.com', 1, '2021-03-01 20:46:00', NULL, NULL, 'FEMALE', NULL, NULL, 'user44', 'user44', '$2a$10$HvrZYW8n/um6qLXrF79q0eiswWyI0MvozWBmY2VLLlCczinCHI8zG', '01012340044', NULL, NULL, NULL, 'MENTOR', 'user44@email.com', '정상동', '삼척시', '강원도'),
    (45, '2021-02-14 20:44:00', NULL, 0, 'bio45', '1997', 0, NULL, 'user45@email.com', 1, '2021-03-02 20:46:00', NULL, NULL, 'MALE', NULL, NULL, 'user45', 'user45', '$2a$10$HvrZYW8n/um6qLXrF79q0eiswWyI0MvozWBmY2VLLlCczinCHI8zG', '01012340045', NULL, NULL, NULL, 'MENTOR', 'user45@email.com', '가곡면', '삼척시', '강원도'),
    (46, '2021-02-15 20:44:00', NULL, 0, 'bio46', '1998', 0, NULL, 'user46@email.com', 1, '2021-03-03 20:46:00', NULL, NULL, 'FEMALE', NULL, NULL, 'user46', 'user46', '$2a$10$HvrZYW8n/um6qLXrF79q0eiswWyI0MvozWBmY2VLLlCczinCHI8zG', '01012340046', NULL, NULL, NULL, 'MENTOR', 'user46@email.com', '마곡리', '홍천군', '강원도'),
    (47, '2021-02-16 20:44:00', NULL, 0, 'bio47', '1999', 0, NULL, 'user47@email.com', 1, '2021-03-04 20:46:00', NULL, NULL, 'MALE', NULL, NULL, 'user47', 'user47', '$2a$10$HvrZYW8n/um6qLXrF79q0eiswWyI0MvozWBmY2VLLlCczinCHI8zG', '01012340047', NULL, NULL, NULL, 'MENTOR', 'user47@email.com', '매일리', '횡성군', '강원도'),
    (48, '2021-02-17 20:44:00', NULL, 0, 'bio48', '2000', 0, NULL, 'user48@email.com', 1, '2021-03-05 20:46:00', NULL, NULL, 'FEMALE', NULL, NULL, 'user48', 'user48', '$2a$10$HvrZYW8n/um6qLXrF79q0eiswWyI0MvozWBmY2VLLlCczinCHI8zG', '01012340048', NULL, NULL, NULL, 'MENTOR', 'user48@email.com', '신천리', '영월군', '강원도'),
    (49, '2021-02-18 20:44:00', NULL, 0, 'bio49', '2001', 0, NULL, 'user49@email.com', 1, '2021-03-06 20:46:00', NULL, NULL, 'MALE', NULL, NULL, 'user49', 'user49', '$2a$10$HvrZYW8n/um6qLXrF79q0eiswWyI0MvozWBmY2VLLlCczinCHI8zG', '01012340049', NULL, NULL, NULL, 'MENTOR', 'user49@email.com', '봉산리', '평창군', '강원도'),
    (50, '2021-02-19 20:44:00', NULL, 0, 'bio50', '2002', 0, NULL, 'user50@email.com', 1, '2021-03-07 20:46:00', NULL, NULL, 'FEMALE', NULL, NULL, 'user50', 'user50', '$2a$10$HvrZYW8n/um6qLXrF79q0eiswWyI0MvozWBmY2VLLlCczinCHI8zG', '01012340050', NULL, NULL, NULL, 'MENTOR', 'user50@email.com', '학사리', '철원군', '강원도'),
    (51, '2021-02-20 20:44:00', NULL, 0, 'bio51', '2003', 0, NULL, 'user51@email.com', 1, '2021-03-08 20:46:00', NULL, NULL, 'MALE', NULL, NULL, 'user51', 'user51', '$2a$10$HvrZYW8n/um6qLXrF79q0eiswWyI0MvozWBmY2VLLlCczinCHI8zG', '01012340051', NULL, NULL, NULL, 'MENTOR', 'user51@email.com', '거례리', '화천군', '강원도'),
    (52, '2021-02-21 20:44:00', NULL, 0, 'bio52', '2004', 0, NULL, 'user52@email.com', 1, '2021-03-09 20:46:00', NULL, NULL, 'FEMALE', NULL, NULL, 'user52', 'user52', '$2a$10$HvrZYW8n/um6qLXrF79q0eiswWyI0MvozWBmY2VLLlCczinCHI8zG', '01012340052', NULL, NULL, NULL, 'MENTOR', 'user52@email.com', '신풍리', '인제군', '강원도'),
    (53, '2021-02-22 20:44:00', NULL, 0, 'bio53', '2005', 0, NULL, 'user53@email.com', 1, '2021-03-10 20:46:00', NULL, NULL, 'MALE', NULL, NULL, 'user53', 'user53', '$2a$10$HvrZYW8n/um6qLXrF79q0eiswWyI0MvozWBmY2VLLlCczinCHI8zG', '01012340053', NULL, NULL, NULL, 'MENTOR', 'user53@email.com', '삼포리', '고성군', '강원도'),
    (54, '2021-02-23 20:44:00', NULL, 0, 'bio54', '2006', 0, NULL, 'user54@email.com', 1, '2021-03-11 20:46:00', NULL, NULL, 'FEMALE', NULL, NULL, 'user54', 'user54', '$2a$10$HvrZYW8n/um6qLXrF79q0eiswWyI0MvozWBmY2VLLlCczinCHI8zG', '01012340054', NULL, NULL, NULL, 'MENTOR', 'user54@email.com', '기사문리', '양양군', '강원도'),
    (55, '2021-02-24 20:44:00', NULL, 0, 'bio55', '2007', 0, NULL, 'user55@email.com', 1, '2021-03-12 20:46:00', NULL, NULL, 'MALE', NULL, NULL, 'user55', 'user55', '$2a$10$HvrZYW8n/um6qLXrF79q0eiswWyI0MvozWBmY2VLLlCczinCHI8zG', '01012340055', NULL, NULL, NULL, 'MENTOR', 'user55@email.com', '미원면', '청주시 상당구', '충청북도'),
    (56, '2021-02-25 20:44:00', NULL, 0, 'bio56', '2008', 0, NULL, 'user56@email.com', 1, '2021-03-13 20:46:00', NULL, NULL, 'FEMALE', NULL, NULL, 'user56', 'user56', '$2a$10$HvrZYW8n/um6qLXrF79q0eiswWyI0MvozWBmY2VLLlCczinCHI8zG', '01012340056', NULL, NULL, NULL, 'MENTOR', 'user56@email.com', '남이면', '청주시 서원구', '충청북도'),
    (57, '2021-02-26 20:44:00', NULL, 0, 'bio57', '2009', 0, NULL, 'user57@email.com', 1, '2021-03-14 20:46:00', NULL, NULL, 'MALE', NULL, NULL, 'user57', 'user57', '$2a$10$HvrZYW8n/um6qLXrF79q0eiswWyI0MvozWBmY2VLLlCczinCHI8zG', '01012340057', NULL, NULL, NULL, 'MENTOR', 'user57@email.com', '내덕동', '청주시 청원구', '충청북도'),
    (58, '2021-02-27 20:44:00', NULL, 0, 'bio58', '1991', 0, NULL, 'user58@email.com', 1, '2021-03-15 20:46:00', NULL, NULL, 'FEMALE', NULL, NULL, 'user58', 'user58', '$2a$10$HvrZYW8n/um6qLXrF79q0eiswWyI0MvozWBmY2VLLlCczinCHI8zG', '01012340058', NULL, NULL, NULL, 'MENTOR', 'user58@email.com', '충인동', '충주시', '충청북도'),
    (59, '2021-02-28 20:44:00', NULL, 0, 'bio59', '1992', 0, NULL, 'user59@email.com', 1, '2021-03-16 20:46:00', NULL, NULL, 'MALE', NULL, NULL, 'user59', 'user59', '$2a$10$HvrZYW8n/um6qLXrF79q0eiswWyI0MvozWBmY2VLLlCczinCHI8zG', '01012340059', NULL, NULL, NULL, 'MENTOR', 'user59@email.com', '단암리', '충주시', '충청북도'),
    (60, '2021-03-01 20:44:00', NULL, 0, 'bio60', '1993', 0, NULL, 'user60@email.com', 1, '2021-03-17 20:46:00', NULL, NULL, 'FEMALE', NULL, NULL, 'user60', 'user60', '$2a$10$HvrZYW8n/um6qLXrF79q0eiswWyI0MvozWBmY2VLLlCczinCHI8zG', '01012340060', NULL, NULL, NULL, 'MENTOR', 'user60@email.com', '대랑동', '제천시', '충청북도'),
    (61, '2021-03-02 20:44:00', NULL, 0, 'bio61', '1994', 0, NULL, 'user61@email.com', 1, '2021-03-18 20:46:00', NULL, NULL, 'MALE', NULL, NULL, 'user61', 'user61', '$2a$10$HvrZYW8n/um6qLXrF79q0eiswWyI0MvozWBmY2VLLlCczinCHI8zG', '01012340061', NULL, NULL, NULL, 'MENTOR', 'user61@email.com', '상노리', '제천시', '충청북도'),
    (62, '2021-03-03 20:44:00', NULL, 0, 'bio62', '1995', 0, NULL, 'user62@email.com', 1, '2021-03-19 20:46:00', NULL, NULL, 'FEMALE', NULL, NULL, 'user62', 'user62', '$2a$10$HvrZYW8n/um6qLXrF79q0eiswWyI0MvozWBmY2VLLlCczinCHI8zG', '01012340062', NULL, NULL, NULL, 'MENTOR', 'user62@email.com', '장암리', '보은군', '충청북도'),
    (63, '2021-03-04 20:44:00', NULL, 0, 'bio63', '1996', 0, NULL, 'user63@email.com', 1, '2021-03-20 20:46:00', NULL, NULL, 'MALE', NULL, NULL, 'user63', 'user63', '$2a$10$HvrZYW8n/um6qLXrF79q0eiswWyI0MvozWBmY2VLLlCczinCHI8zG', '01012340063', NULL, NULL, NULL, 'MENTOR', 'user63@email.com', '아시리', '보은군', '충청북도'),
    (64, '2021-03-05 20:44:00', NULL, 0, 'bio64', '1997', 0, NULL, 'user64@email.com', 1, '2021-03-21 20:46:00', NULL, NULL, 'FEMALE', NULL, NULL, 'user64', 'user64', '$2a$10$HvrZYW8n/um6qLXrF79q0eiswWyI0MvozWBmY2VLLlCczinCHI8zG', '01012340064', NULL, NULL, NULL, 'MENTOR', 'user64@email.com', '법화리', '옥천군', '충청북도'),
    (65, '2021-03-06 20:44:00', NULL, 0, 'bio65', '1998', 0, NULL, 'user65@email.com', 1, '2021-03-22 20:46:00', NULL, NULL, 'MALE', NULL, NULL, 'user65', 'user65', '$2a$10$HvrZYW8n/um6qLXrF79q0eiswWyI0MvozWBmY2VLLlCczinCHI8zG', '01012340065', NULL, NULL, NULL, 'MENTOR', 'user65@email.com', '사부리', '영동군', '충청북도'),
    (66, '2021-03-07 20:44:00', NULL, 0, 'bio66', '1999', 0, NULL, 'user66@email.com', 1, '2021-03-23 20:46:00', NULL, NULL, 'FEMALE', NULL, NULL, 'user66', 'user66', '$2a$10$HvrZYW8n/um6qLXrF79q0eiswWyI0MvozWBmY2VLLlCczinCHI8zG', '01012340066', NULL, NULL, NULL, 'MENTOR', 'user66@email.com', '연탄리', '증평군', '충청북도'),
    (67, '2021-03-08 20:44:00', NULL, 0, 'bio67', '2000', 0, NULL, 'user67@email.com', 1, '2021-03-24 20:46:00', NULL, NULL, 'MALE', NULL, NULL, 'user67', 'user67', '$2a$10$HvrZYW8n/um6qLXrF79q0eiswWyI0MvozWBmY2VLLlCczinCHI8zG', '01012340067', NULL, NULL, NULL, 'MENTOR', 'user67@email.com', '내촌리', '진천군', '충청북도'),
    (68, '2021-03-09 20:44:00', NULL, 0, 'bio68', '2001', 0, NULL, 'user68@email.com', 1, '2021-03-25 20:46:00', NULL, NULL, 'FEMALE', NULL, NULL, 'user68', 'user68', '$2a$10$HvrZYW8n/um6qLXrF79q0eiswWyI0MvozWBmY2VLLlCczinCHI8zG', '01012340068', NULL, NULL, NULL, 'MENTOR', 'user68@email.com', '이평리', '괴산군', '충청북도'),
    (69, '2021-03-10 20:44:00', NULL, 0, 'bio69', '2002', 0, NULL, 'user69@email.com', 1, '2021-03-26 20:46:00', NULL, NULL, 'MALE', NULL, NULL, 'user69', 'user69', '$2a$10$HvrZYW8n/um6qLXrF79q0eiswWyI0MvozWBmY2VLLlCczinCHI8zG', '01012340069', NULL, NULL, NULL, 'MENTOR', 'user69@email.com', '상노리', '음성군', '충청북도'),
    (70, '2021-03-11 20:44:00', NULL, 0, 'bio70', '2003', 0, NULL, 'user70@email.com', 1, '2021-03-27 20:46:00', NULL, NULL, 'FEMALE', NULL, NULL, 'user70', 'user70', '$2a$10$HvrZYW8n/um6qLXrF79q0eiswWyI0MvozWBmY2VLLlCczinCHI8zG', '01012340070', NULL, NULL, NULL, 'MENTOR', 'user70@email.com', '상시리', '단양군', '충청북도'),
    (71, '2021-03-12 20:44:00', NULL, 0, 'bio71', '2004', 0, NULL, 'user71@email.com', 1, '2021-03-28 20:46:00', NULL, NULL, 'MALE', NULL, NULL, 'user71', 'user71', '$2a$10$HvrZYW8n/um6qLXrF79q0eiswWyI0MvozWBmY2VLLlCczinCHI8zG', '01012340071', NULL, NULL, NULL, 'MENTOR', 'user71@email.com', '청당동', '천안시 동남구', '충청남도'),
    (72, '2021-03-13 20:44:00', NULL, 0, 'bio72', '2005', 0, NULL, 'user72@email.com', 1, '2021-03-29 20:46:00', NULL, NULL, 'FEMALE', NULL, NULL, 'user72', 'user72', '$2a$10$HvrZYW8n/um6qLXrF79q0eiswWyI0MvozWBmY2VLLlCczinCHI8zG', '01012340072', NULL, NULL, NULL, 'MENTOR', 'user72@email.com', '동면', '천안시 동남구', '충청남도'),
    (73, '2021-03-14 20:44:00', NULL, 0, 'bio73', '2006', 0, NULL, 'user73@email.com', 1, '2021-03-30 20:46:00', NULL, NULL, 'MALE', NULL, NULL, 'user73', 'user73', '$2a$10$HvrZYW8n/um6qLXrF79q0eiswWyI0MvozWBmY2VLLlCczinCHI8zG', '01012340073', NULL, NULL, NULL, 'MENTOR', 'user73@email.com', '무릉동', '공주시', '충청남도'),
    (74, '2021-03-15 20:44:00', NULL, 0, 'bio74', '2007', 0, NULL, 'user74@email.com', 1, '2021-03-31 20:46:00', NULL, NULL, 'FEMALE', NULL, NULL, 'user74', 'user74', '$2a$10$HvrZYW8n/um6qLXrF79q0eiswWyI0MvozWBmY2VLLlCczinCHI8zG', '01012340074', NULL, NULL, NULL, 'MENTOR', 'user74@email.com', '유계리', '공주시', '충청남도'),
    (75, '2021-03-16 20:44:00', NULL, 0, 'bio75', '2008', 0, NULL, 'user75@email.com', 1, '2021-04-01 20:46:00', NULL, NULL, 'MALE', NULL, NULL, 'user75', 'user75', '$2a$10$HvrZYW8n/um6qLXrF79q0eiswWyI0MvozWBmY2VLLlCczinCHI8zG', '01012340075', NULL, NULL, NULL, 'MENTOR', 'user75@email.com', '구룡리', '보령시', '충청남도'),
    (76, '2021-03-17 20:44:00', NULL, 0, 'bio76', '2009', 0, NULL, 'user76@email.com', 1, '2021-04-02 20:46:00', NULL, NULL, 'FEMALE', NULL, NULL, 'user76', 'user76', '$2a$10$HvrZYW8n/um6qLXrF79q0eiswWyI0MvozWBmY2VLLlCczinCHI8zG', '01012340076', NULL, NULL, NULL, 'MENTOR', 'user76@email.com', '주교리', '보령시', '충청남도'),
    (77, '2021-03-18 20:44:00', NULL, 0, 'bio77', '1991', 0, NULL, 'user77@email.com', 1, '2021-04-03 20:46:00', NULL, NULL, 'MALE', NULL, NULL, 'user77', 'user77', '$2a$10$HvrZYW8n/um6qLXrF79q0eiswWyI0MvozWBmY2VLLlCczinCHI8zG', '01012340077', NULL, NULL, NULL, 'MENTOR', 'user77@email.com', '산전리', '아산시', '충청남도'),
    (78, '2021-03-19 20:44:00', NULL, 0, 'bio78', '1992', 0, NULL, 'user78@email.com', 1, '2021-04-04 20:46:00', NULL, NULL, 'FEMALE', NULL, NULL, 'user78', 'user78', '$2a$10$HvrZYW8n/um6qLXrF79q0eiswWyI0MvozWBmY2VLLlCczinCHI8zG', '01012340078', NULL, NULL, NULL, 'MENTOR', 'user78@email.com', '오지리', '서산시', '충청남도'),
    (79, '2021-03-20 20:44:00', NULL, 0, 'bio79', '1993', 0, NULL, 'user79@email.com', 1, '2021-04-05 20:46:00', NULL, NULL, 'MALE', NULL, NULL, 'user79', 'user79', '$2a$10$HvrZYW8n/um6qLXrF79q0eiswWyI0MvozWBmY2VLLlCczinCHI8zG', '01012340079', NULL, NULL, NULL, 'MENTOR', 'user79@email.com', '황락리', '서산시', '충청남도'),
    (80, '2021-03-21 20:44:00', NULL, 0, 'bio80', '1994', 0, NULL, 'user80@email.com', 1, '2021-04-06 20:46:00', NULL, NULL, 'FEMALE', NULL, NULL, 'user80', 'user80', '$2a$10$HvrZYW8n/um6qLXrF79q0eiswWyI0MvozWBmY2VLLlCczinCHI8zG', '01012340080', NULL, NULL, NULL, 'MENTOR', 'user80@email.com', '두사리', '논산시', '충청남도'),
    (81, '2021-03-22 20:44:00', NULL, 0, 'bio81', '1995', 0, NULL, 'user81@email.com', 1, '2021-04-07 20:46:00', NULL, NULL, 'MALE', NULL, NULL, 'user81', 'user81', '$2a$10$HvrZYW8n/um6qLXrF79q0eiswWyI0MvozWBmY2VLLlCczinCHI8zG', '01012340081', NULL, NULL, NULL, 'MENTOR', 'user81@email.com', '목곡리', '논산시', '충청남도'),
    (82, '2021-03-23 20:44:00', NULL, 0, 'bio82', '1996', 0, NULL, 'user82@email.com', 1, '2021-04-08 20:46:00', NULL, NULL, 'FEMALE', NULL, NULL, 'user82', 'user82', '$2a$10$HvrZYW8n/um6qLXrF79q0eiswWyI0MvozWBmY2VLLlCczinCHI8zG', '01012340082', NULL, NULL, NULL, 'MENTOR', 'user82@email.com', '고대면', '당진시', '충청남도'),
    (83, '2021-03-24 20:44:00', NULL, 0, 'bio83', '1997', 0, NULL, 'user83@email.com', 1, '2021-04-09 20:46:00', NULL, NULL, 'MALE', NULL, NULL, 'user83', 'user83', '$2a$10$HvrZYW8n/um6qLXrF79q0eiswWyI0MvozWBmY2VLLlCczinCHI8zG', '01012340083', NULL, NULL, NULL, 'MENTOR', 'user83@email.com', '금암리', '당진시', '충청남도'),
    (84, '2021-03-25 20:44:00', NULL, 0, 'bio84', '1998', 0, NULL, 'user84@email.com', 1, '2021-04-10 20:46:00', NULL, NULL, 'FEMALE', NULL, NULL, 'user84', 'user84', '$2a$10$HvrZYW8n/um6qLXrF79q0eiswWyI0MvozWBmY2VLLlCczinCHI8zG', '01012340084', NULL, NULL, NULL, 'MENTOR', 'user84@email.com', '석막리', '금산군', '충청남도'),
    (85, '2021-03-26 20:44:00', NULL, 0, 'bio85', '1999', 0, NULL, 'user85@email.com', 1, '2021-04-11 20:46:00', NULL, NULL, 'MALE', NULL, NULL, 'user85', 'user85', '$2a$10$HvrZYW8n/um6qLXrF79q0eiswWyI0MvozWBmY2VLLlCczinCHI8zG', '01012340085', NULL, NULL, NULL, 'MENTOR', 'user85@email.com', '수신리', '부여군', '충청남도'),
    (86, '2021-03-27 20:44:00', NULL, 0, 'bio86', '2000', 0, NULL, 'user86@email.com', 1, '2021-04-12 20:46:00', NULL, NULL, 'FEMALE', NULL, NULL, 'user86', 'user86', '$2a$10$HvrZYW8n/um6qLXrF79q0eiswWyI0MvozWBmY2VLLlCczinCHI8zG', '01012340086', NULL, NULL, NULL, 'MENTOR', 'user86@email.com', '장하리', '부여군', '충청남도'),
    (87, '2021-03-28 20:44:00', NULL, 0, 'bio87', '2001', 0, NULL, 'user87@email.com', 1, '2021-04-13 20:46:00', NULL, NULL, 'MALE', NULL, NULL, 'user87', 'user87', '$2a$10$HvrZYW8n/um6qLXrF79q0eiswWyI0MvozWBmY2VLLlCczinCHI8zG', '01012340087', NULL, NULL, NULL, 'MENTOR', 'user87@email.com', '봉명리', '서천군', '충청남도'),
    (88, '2021-03-29 20:44:00', NULL, 0, 'bio88', '2002', 0, NULL, 'user88@email.com', 1, '2021-04-14 20:46:00', NULL, NULL, 'FEMALE', NULL, NULL, 'user88', 'user88', '$2a$10$HvrZYW8n/um6qLXrF79q0eiswWyI0MvozWBmY2VLLlCczinCHI8zG', '01012340088', NULL, NULL, NULL, 'MENTOR', 'user88@email.com', '석촌리', '서천군', '충청남도'),
    (89, '2021-03-30 20:44:00', NULL, 0, 'bio89', '2003', 0, NULL, 'user89@email.com', 1, '2021-04-15 20:46:00', NULL, NULL, 'MALE', NULL, NULL, 'user89', 'user89', '$2a$10$HvrZYW8n/um6qLXrF79q0eiswWyI0MvozWBmY2VLLlCczinCHI8zG', '01012340089', NULL, NULL, NULL, 'MENTOR', 'user89@email.com', '상장리', '청양군', '충청남도'),
    (90, '2021-03-31 20:44:00', NULL, 0, 'bio90', '2004', 0, NULL, 'user90@email.com', 1, '2021-04-16 20:46:00', NULL, NULL, 'FEMALE', NULL, NULL, 'user90', 'user90', '$2a$10$HvrZYW8n/um6qLXrF79q0eiswWyI0MvozWBmY2VLLlCczinCHI8zG', '01012340090', NULL, NULL, NULL, 'MENTOR', 'user90@email.com', '송암리', '홍성군', '충청남도'),
    (91, '2021-04-01 20:44:00', NULL, 0, 'bio91', '2005', 0, NULL, 'user91@email.com', 1, '2021-04-17 20:46:00', NULL, NULL, 'MALE', NULL, NULL, 'user91', 'user91', '$2a$10$HvrZYW8n/um6qLXrF79q0eiswWyI0MvozWBmY2VLLlCczinCHI8zG', '01012340091', NULL, NULL, NULL, 'MENTOR', 'user91@email.com', '대정리', '홍성군', '충청남도'),
    (92, '2021-04-02 20:44:00', NULL, 0, 'bio92', '2006', 0, NULL, 'user92@email.com', 1, '2021-04-18 20:46:00', NULL, NULL, 'FEMALE', NULL, NULL, 'user92', 'user92', '$2a$10$HvrZYW8n/um6qLXrF79q0eiswWyI0MvozWBmY2VLLlCczinCHI8zG', '01012340092', NULL, NULL, NULL, 'MENTOR', 'user92@email.com', '지곡리', '예산군', '충청남도'),
    (93, '2021-04-03 20:44:00', NULL, 0, 'bio93', '2007', 0, NULL, 'user93@email.com', 1, '2021-04-19 20:46:00', NULL, NULL, 'MALE', NULL, NULL, 'user93', 'user93', '$2a$10$HvrZYW8n/um6qLXrF79q0eiswWyI0MvozWBmY2VLLlCczinCHI8zG', '01012340093', NULL, NULL, NULL, 'MENTOR', 'user93@email.com', '송암리', '태안군', '충청남도'),
    (94, '2021-04-04 20:44:00', NULL, 0, 'bio94', '2008', 0, NULL, 'user94@email.com', 1, '2021-04-20 20:46:00', NULL, NULL, 'FEMALE', NULL, NULL, 'user94', 'user94', '$2a$10$HvrZYW8n/um6qLXrF79q0eiswWyI0MvozWBmY2VLLlCczinCHI8zG', '01012340094', NULL, NULL, NULL, 'MENTOR', 'user94@email.com', '금암동', '전주시 덕진구', '전라북도'),
    (95, '2021-04-05 20:44:00', NULL, 0, 'bio95', '2009', 0, NULL, 'user95@email.com', 1, '2021-04-21 20:46:00', NULL, NULL, 'MALE', NULL, NULL, 'user95', 'user95', '$2a$10$HvrZYW8n/um6qLXrF79q0eiswWyI0MvozWBmY2VLLlCczinCHI8zG', '01012340095', NULL, NULL, NULL, 'MENTOR', 'user95@email.com', '보석리', '군산시', '전라북도'),
    (96, '2021-04-06 20:44:00', NULL, 0, 'bio96', '1991', 0, NULL, 'user96@email.com', 1, '2021-04-22 20:46:00', NULL, NULL, 'FEMALE', NULL, NULL, 'user96', 'user96', '$2a$10$HvrZYW8n/um6qLXrF79q0eiswWyI0MvozWBmY2VLLlCczinCHI8zG', '01012340096', NULL, NULL, NULL, 'MENTOR', 'user96@email.com', '송학리', '익산시', '전라북도'),
    (97, '2021-04-07 20:44:00', NULL, 0, 'bio97', '1992', 0, NULL, 'user97@email.com', 1, '2021-04-23 20:46:00', NULL, NULL, 'MALE', NULL, NULL, 'user97', 'user97', '$2a$10$HvrZYW8n/um6qLXrF79q0eiswWyI0MvozWBmY2VLLlCczinCHI8zG', '01012340097', NULL, NULL, NULL, 'MENTOR', 'user97@email.com', '신동리', '익산시', '전라북도'),
    (98, '2021-04-08 20:44:00', NULL, 0, 'bio98', '1993', 0, NULL, 'user98@email.com', 1, '2021-04-24 20:46:00', NULL, NULL, 'FEMALE', NULL, NULL, 'user98', 'user98', '$2a$10$HvrZYW8n/um6qLXrF79q0eiswWyI0MvozWBmY2VLLlCczinCHI8zG', '01012340098', NULL, NULL, NULL, 'MENTOR', 'user98@email.com', '고부리', '정읍시', '전라북도'),
    (99, '2021-04-09 20:44:00', NULL, 0, 'bio99', '1994', 0, NULL, 'user99@email.com', 1, '2021-04-25 20:46:00', NULL, NULL, 'MALE', NULL, NULL, 'user99', 'user99', '$2a$10$HvrZYW8n/um6qLXrF79q0eiswWyI0MvozWBmY2VLLlCczinCHI8zG', '01012340099', NULL, NULL, NULL, 'MENTOR', 'user99@email.com', '평사리', '정읍시', '전라북도'),
    (100, '2021-04-10 20:44:00', NULL, 0, 'bio100', '1995', 0, NULL, 'user100@email.com', 1, '2021-04-26 20:46:00', NULL, NULL, 'FEMALE', NULL, NULL, 'user100', 'user100', '$2a$10$HvrZYW8n/um6qLXrF79q0eiswWyI0MvozWBmY2VLLlCczinCHI8zG', '01012340100', NULL, NULL, NULL, 'MENTOR', 'user100@email.com', '신월리', '남원시', '전라북도'),
    (101, '2021-04-11 20:44:00', NULL, 0, 'bio101', '1996', 0, NULL, 'user101@email.com', 1, '2021-04-27 20:46:00', NULL, NULL, 'MALE', NULL, NULL, 'user101', 'user101', '$2a$10$HvrZYW8n/um6qLXrF79q0eiswWyI0MvozWBmY2VLLlCczinCHI8zG', '01012340101', NULL, NULL, NULL, 'MENTEE', 'user101@email.com', '건지리', '남원시', '전라북도'),
    (102, '2021-04-12 20:44:00', NULL, 0, 'bio102', '1997', 0, NULL, 'user102@email.com', 1, '2021-04-28 20:46:00', NULL, NULL, 'FEMALE', NULL, NULL, 'user102', 'user102', '$2a$10$HvrZYW8n/um6qLXrF79q0eiswWyI0MvozWBmY2VLLlCczinCHI8zG', '01012340102', NULL, NULL, NULL, 'MENTEE', 'user102@email.com', '제말리', '김제시', '전라북도'),
    (103, '2021-04-13 20:44:00', NULL, 0, 'bio103', '1998', 0, NULL, 'user103@email.com', 1, '2021-04-29 20:46:00', NULL, NULL, 'MALE', NULL, NULL, 'user103', 'user103', '$2a$10$HvrZYW8n/um6qLXrF79q0eiswWyI0MvozWBmY2VLLlCczinCHI8zG', '01012340103', NULL, NULL, NULL, 'MENTEE', 'user103@email.com', '상삼리', '완주군', '전라북도'),
    (104, '2021-04-14 20:44:00', NULL, 0, 'bio104', '1999', 0, NULL, 'user104@email.com', 1, '2021-04-30 20:46:00', NULL, NULL, 'FEMALE', NULL, NULL, 'user104', 'user104', '$2a$10$HvrZYW8n/um6qLXrF79q0eiswWyI0MvozWBmY2VLLlCczinCHI8zG', '01012340104', NULL, NULL, NULL, 'MENTEE', 'user104@email.com', '오천리', '진안군', '전라북도'),
    (105, '2021-04-15 20:44:00', NULL, 0, 'bio105', '2000', 0, NULL, 'user105@email.com', 1, '2021-05-01 20:46:00', NULL, NULL, 'MALE', NULL, NULL, 'user105', 'user105', '$2a$10$HvrZYW8n/um6qLXrF79q0eiswWyI0MvozWBmY2VLLlCczinCHI8zG', '01012340105', NULL, NULL, NULL, 'MENTEE', 'user105@email.com', '설천면', '무주군', '전라북도'),
    (106, '2021-04-16 20:44:00', NULL, 0, 'bio106', '2001', 0, NULL, 'user106@email.com', 1, '2021-05-02 20:46:00', NULL, NULL, 'FEMALE', NULL, NULL, 'user106', 'user106', '$2a$10$HvrZYW8n/um6qLXrF79q0eiswWyI0MvozWBmY2VLLlCczinCHI8zG', '01012340106', NULL, NULL, NULL, 'MENTEE', 'user106@email.com', '계남면', '장수군', '전라북도'),
    (107, '2021-04-17 20:44:00', NULL, 0, 'bio107', '2002', 0, NULL, 'user107@email.com', 1, '2021-05-03 20:46:00', NULL, NULL, 'MALE', NULL, NULL, 'user107', 'user107', '$2a$10$HvrZYW8n/um6qLXrF79q0eiswWyI0MvozWBmY2VLLlCczinCHI8zG', '01012340107', NULL, NULL, NULL, 'MENTEE', 'user107@email.com', '월성리', '임실군', '전라북도'),
    (108, '2021-04-18 20:44:00', NULL, 0, 'bio108', '2003', 0, NULL, 'user108@email.com', 1, '2021-05-04 20:46:00', NULL, NULL, 'FEMALE', NULL, NULL, 'user108', 'user108', '$2a$10$HvrZYW8n/um6qLXrF79q0eiswWyI0MvozWBmY2VLLlCczinCHI8zG', '01012340108', NULL, NULL, NULL, 'MENTEE', 'user108@email.com', '삼촌리', '순창군', '전라북도'),
    (109, '2021-04-19 20:44:00', NULL, 0, 'bio109', '2004', 0, NULL, 'user109@email.com', 1, '2021-05-05 20:46:00', NULL, NULL, 'MALE', NULL, NULL, 'user109', 'user109', '$2a$10$HvrZYW8n/um6qLXrF79q0eiswWyI0MvozWBmY2VLLlCczinCHI8zG', '01012340109', NULL, NULL, NULL, 'MENTEE', 'user109@email.com', '운북리', '순창군', '전라북도'),
    (110, '2021-04-20 20:44:00', NULL, 0, 'bio110', '2005', 0, NULL, 'user110@email.com', 1, '2021-05-06 20:46:00', NULL, NULL, 'FEMALE', NULL, NULL, 'user110', 'user110', '$2a$10$HvrZYW8n/um6qLXrF79q0eiswWyI0MvozWBmY2VLLlCczinCHI8zG', '01012340110', NULL, NULL, NULL, 'MENTEE', 'user110@email.com', '고성리', '고창군', '전라북도'),
    (111, '2021-04-21 20:44:00', NULL, 0, 'bio111', '2006', 0, NULL, 'user111@email.com', 1, '2021-05-07 20:46:00', NULL, NULL, 'MALE', NULL, NULL, 'user111', 'user111', '$2a$10$HvrZYW8n/um6qLXrF79q0eiswWyI0MvozWBmY2VLLlCczinCHI8zG', '01012340111', NULL, NULL, NULL, 'MENTEE', 'user111@email.com', '수동리', '고창군', '전라북도'),
    (112, '2021-04-22 20:44:00', NULL, 0, 'bio112', '2007', 0, NULL, 'user112@email.com', 1, '2021-05-08 20:46:00', NULL, NULL, 'FEMALE', NULL, NULL, 'user112', 'user112', '$2a$10$HvrZYW8n/um6qLXrF79q0eiswWyI0MvozWBmY2VLLlCczinCHI8zG', '01012340112', NULL, NULL, NULL, 'MENTEE', 'user112@email.com', '하서면', '부안군', '전라북도'),
    (113, '2021-04-23 20:44:00', NULL, 0, 'bio113', '2008', 0, NULL, 'user113@email.com', 1, '2021-05-09 20:46:00', NULL, NULL, 'MALE', NULL, NULL, 'user113', 'user113', '$2a$10$HvrZYW8n/um6qLXrF79q0eiswWyI0MvozWBmY2VLLlCczinCHI8zG', '01012340113', NULL, NULL, NULL, 'MENTEE', 'user113@email.com', '신기동', '여수시', '전라남도'),
    (114, '2021-04-24 20:44:00', NULL, 0, 'bio114', '2009', 0, NULL, 'user114@email.com', 1, '2021-05-10 20:46:00', NULL, NULL, 'FEMALE', NULL, NULL, 'user114', 'user114', '$2a$10$HvrZYW8n/um6qLXrF79q0eiswWyI0MvozWBmY2VLLlCczinCHI8zG', '01012340114', NULL, NULL, NULL, 'MENTEE', 'user114@email.com', '조곡동', '순천시', '전라남도'),
    (115, '2021-04-25 20:44:00', NULL, 0, 'bio115', '1991', 0, NULL, 'user115@email.com', 1, '2021-05-11 20:46:00', NULL, NULL, 'MALE', NULL, NULL, 'user115', 'user115', '$2a$10$HvrZYW8n/um6qLXrF79q0eiswWyI0MvozWBmY2VLLlCczinCHI8zG', '01012340115', NULL, NULL, NULL, 'MENTEE', 'user115@email.com', '월림리', '순천시', '전라남도'),
    (116, '2021-04-26 20:44:00', NULL, 0, 'bio116', '1992', 0, NULL, 'user116@email.com', 1, '2021-05-12 20:46:00', NULL, NULL, 'FEMALE', NULL, NULL, 'user116', 'user116', '$2a$10$HvrZYW8n/um6qLXrF79q0eiswWyI0MvozWBmY2VLLlCczinCHI8zG', '01012340116', NULL, NULL, NULL, 'MENTEE', 'user116@email.com', '송월동', '나주시', '전라남도'),
    (117, '2021-04-27 20:44:00', NULL, 0, 'bio117', '1993', 0, NULL, 'user117@email.com', 1, '2021-05-13 20:46:00', NULL, NULL, 'MALE', NULL, NULL, 'user117', 'user117', '$2a$10$HvrZYW8n/um6qLXrF79q0eiswWyI0MvozWBmY2VLLlCczinCHI8zG', '01012340117', NULL, NULL, NULL, 'MENTEE', 'user117@email.com', '곡천리', '나주시', '전라남도'),
    (118, '2021-04-28 20:44:00', NULL, 0, 'bio118', '1994', 0, NULL, 'user118@email.com', 1, '2021-05-14 20:46:00', NULL, NULL, 'FEMALE', NULL, NULL, 'user118', 'user118', '$2a$10$HvrZYW8n/um6qLXrF79q0eiswWyI0MvozWBmY2VLLlCczinCHI8zG', '01012340118', NULL, NULL, NULL, 'MENTEE', 'user118@email.com', '만봉리', '나주시', '전라남도'),
    (119, '2021-04-29 20:44:00', NULL, 0, 'bio119', '1995', 0, NULL, 'user119@email.com', 1, '2021-05-15 20:46:00', NULL, NULL, 'MALE', NULL, NULL, 'user119', 'user119', '$2a$10$HvrZYW8n/um6qLXrF79q0eiswWyI0MvozWBmY2VLLlCczinCHI8zG', '01012340119', NULL, NULL, NULL, 'MENTEE', 'user119@email.com', '제월리', '담양군', '전라남도'),
    (120, '2021-04-30 20:44:00', NULL, 0, 'bio120', '1996', 0, NULL, 'user120@email.com', 1, '2021-05-16 20:46:00', NULL, NULL, 'FEMALE', NULL, NULL, 'user120', 'user120', '$2a$10$HvrZYW8n/um6qLXrF79q0eiswWyI0MvozWBmY2VLLlCczinCHI8zG', '01012340120', NULL, NULL, NULL, 'MENTEE', 'user120@email.com', '월계리', '담양군', '전라남도'),
    (121, '2021-05-01 20:44:00', NULL, 0, 'bio121', '1997', 0, NULL, 'user121@email.com', 1, '2021-05-17 20:46:00', NULL, NULL, 'MALE', NULL, NULL, 'user121', 'user121', '$2a$10$HvrZYW8n/um6qLXrF79q0eiswWyI0MvozWBmY2VLLlCczinCHI8zG', '01012340121', NULL, NULL, NULL, 'MENTEE', 'user121@email.com', '신풍리', '곡성군', '전라남도'),
    (122, '2021-05-02 20:44:00', NULL, 0, 'bio122', '1998', 0, NULL, 'user122@email.com', 1, '2021-05-18 20:46:00', NULL, NULL, 'FEMALE', NULL, NULL, 'user122', 'user122', '$2a$10$HvrZYW8n/um6qLXrF79q0eiswWyI0MvozWBmY2VLLlCczinCHI8zG', '01012340122', NULL, NULL, NULL, 'MENTEE', 'user122@email.com', '송정리', '구례군', '전라남도'),
    (123, '2021-05-03 20:44:00', NULL, 0, 'bio123', '1999', 0, NULL, 'user123@email.com', 1, '2021-05-19 20:46:00', NULL, NULL, 'MALE', NULL, NULL, 'user123', 'user123', '$2a$10$HvrZYW8n/um6qLXrF79q0eiswWyI0MvozWBmY2VLLlCczinCHI8zG', '01012340123', NULL, NULL, NULL, 'MENTEE', 'user123@email.com', '봉룡리', '고흥군', '전라남도'),
    (124, '2021-05-04 20:44:00', NULL, 0, 'bio124', '2000', 0, NULL, 'user124@email.com', 1, '2021-05-20 20:46:00', NULL, NULL, 'FEMALE', NULL, NULL, 'user124', 'user124', '$2a$10$HvrZYW8n/um6qLXrF79q0eiswWyI0MvozWBmY2VLLlCczinCHI8zG', '01012340124', NULL, NULL, NULL, 'MENTEE', 'user124@email.com', '옥암리', '보성군', '전라남도'),
    (125, '2021-05-05 20:44:00', NULL, 0, 'bio125', '2001', 0, NULL, 'user125@email.com', 1, '2021-05-21 20:46:00', NULL, NULL, 'MALE', NULL, NULL, 'user125', 'user125', '$2a$10$HvrZYW8n/um6qLXrF79q0eiswWyI0MvozWBmY2VLLlCczinCHI8zG', '01012340125', NULL, NULL, NULL, 'MENTEE', 'user125@email.com', '덕산리', '보성군', '전라남도'),
    (126, '2021-05-06 20:44:00', NULL, 0, 'bio126', '2002', 0, NULL, 'user126@email.com', 1, '2021-05-22 20:46:00', NULL, NULL, 'FEMALE', NULL, NULL, 'user126', 'user126', '$2a$10$HvrZYW8n/um6qLXrF79q0eiswWyI0MvozWBmY2VLLlCczinCHI8zG', '01012340126', NULL, NULL, NULL, 'MENTEE', 'user126@email.com', '금능리', '화순군', '전라남도'),
    (127, '2021-05-07 20:44:00', NULL, 0, 'bio127', '2003', 0, NULL, 'user127@email.com', 1, '2021-05-23 20:46:00', NULL, NULL, 'MALE', NULL, NULL, 'user127', 'user127', '$2a$10$HvrZYW8n/um6qLXrF79q0eiswWyI0MvozWBmY2VLLlCczinCHI8zG', '01012340127', NULL, NULL, NULL, 'MENTEE', 'user127@email.com', '연둔리', '화순군', '전라남도'),
    (128, '2021-05-08 20:44:00', NULL, 0, 'bio128', '2004', 0, NULL, 'user128@email.com', 1, '2021-05-24 20:46:00', NULL, NULL, 'FEMALE', NULL, NULL, 'user128', 'user128', '$2a$10$HvrZYW8n/um6qLXrF79q0eiswWyI0MvozWBmY2VLLlCczinCHI8zG', '01012340128', NULL, NULL, NULL, 'MENTEE', 'user128@email.com', '인암리', '장흥군', '전라남도'),
    (129, '2021-05-09 20:44:00', NULL, 0, 'bio129', '2005', 0, NULL, 'user129@email.com', 1, '2021-05-25 20:46:00', NULL, NULL, 'MALE', NULL, NULL, 'user129', 'user129', '$2a$10$HvrZYW8n/um6qLXrF79q0eiswWyI0MvozWBmY2VLLlCczinCHI8zG', '01012340129', NULL, NULL, NULL, 'MENTEE', 'user129@email.com', '군동면', '강진군', '전라남도'),
    (130, '2021-05-10 20:44:00', NULL, 0, 'bio130', '2006', 0, NULL, 'user130@email.com', 1, '2021-05-26 20:46:00', NULL, NULL, 'FEMALE', NULL, NULL, 'user130', 'user130', '$2a$10$HvrZYW8n/um6qLXrF79q0eiswWyI0MvozWBmY2VLLlCczinCHI8zG', '01012340130', NULL, NULL, NULL, 'MENTEE', 'user130@email.com', '개산리', '강진군', '전라남도'),
    (131, '2021-05-11 20:44:00', NULL, 0, 'bio131', '2007', 0, NULL, 'user131@email.com', 1, '2021-05-27 20:46:00', NULL, NULL, 'MALE', NULL, NULL, 'user131', 'user131', '$2a$10$HvrZYW8n/um6qLXrF79q0eiswWyI0MvozWBmY2VLLlCczinCHI8zG', '01012340131', NULL, NULL, NULL, 'MENTEE', 'user131@email.com', '옥천면', '해남군', '전라남도'),
    (132, '2021-05-12 20:44:00', NULL, 0, 'bio132', '2008', 0, NULL, 'user132@email.com', 1, '2021-05-28 20:46:00', NULL, NULL, 'FEMALE', NULL, NULL, 'user132', 'user132', '$2a$10$HvrZYW8n/um6qLXrF79q0eiswWyI0MvozWBmY2VLLlCczinCHI8zG', '01012340132', NULL, NULL, NULL, 'MENTEE', 'user132@email.com', '성산리', '해남군', '전라남도'),
    (133, '2021-05-13 20:44:00', NULL, 0, 'bio133', '2009', 0, NULL, 'user133@email.com', 1, '2021-05-29 20:46:00', NULL, NULL, 'MALE', NULL, NULL, 'user133', 'user133', '$2a$10$HvrZYW8n/um6qLXrF79q0eiswWyI0MvozWBmY2VLLlCczinCHI8zG', '01012340133', NULL, NULL, NULL, 'MENTEE', 'user133@email.com', '도갑리', '영암군', '전라남도'),
    (134, '2021-05-14 20:44:00', NULL, 0, 'bio134', '1991', 0, NULL, 'user134@email.com', 1, '2021-05-30 20:46:00', NULL, NULL, 'FEMALE', NULL, NULL, 'user134', 'user134', '$2a$10$HvrZYW8n/um6qLXrF79q0eiswWyI0MvozWBmY2VLLlCczinCHI8zG', '01012340134', NULL, NULL, NULL, 'MENTEE', 'user134@email.com', '송현리', '무안군', '전라남도'),
    (135, '2021-05-15 20:44:00', NULL, 0, 'bio135', '1992', 0, NULL, 'user135@email.com', 1, '2021-05-31 20:46:00', NULL, NULL, 'MALE', NULL, NULL, 'user135', 'user135', '$2a$10$HvrZYW8n/um6qLXrF79q0eiswWyI0MvozWBmY2VLLlCczinCHI8zG', '01012340135', NULL, NULL, NULL, 'MENTEE', 'user135@email.com', '석정리', '함평군', '전라남도'),
    (136, '2021-05-16 20:44:00', NULL, 0, 'bio136', '1993', 0, NULL, 'user136@email.com', 1, '2021-06-01 20:46:00', NULL, NULL, 'FEMALE', NULL, NULL, 'user136', 'user136', '$2a$10$HvrZYW8n/um6qLXrF79q0eiswWyI0MvozWBmY2VLLlCczinCHI8zG', '01012340136', NULL, NULL, NULL, 'MENTEE', 'user136@email.com', '구수리', '영광군', '전라남도'),
    (137, '2021-05-17 20:44:00', NULL, 0, 'bio137', '1994', 0, NULL, 'user137@email.com', 1, '2021-06-02 20:46:00', NULL, NULL, 'MALE', NULL, NULL, 'user137', 'user137', '$2a$10$HvrZYW8n/um6qLXrF79q0eiswWyI0MvozWBmY2VLLlCczinCHI8zG', '01012340137', NULL, NULL, NULL, 'MENTEE', 'user137@email.com', '오도리', '영광군', '전라남도'),
    (138, '2021-05-18 20:44:00', NULL, 0, 'bio138', '1995', 0, NULL, 'user138@email.com', 1, '2021-06-03 20:46:00', NULL, NULL, 'FEMALE', NULL, NULL, 'user138', 'user138', '$2a$10$HvrZYW8n/um6qLXrF79q0eiswWyI0MvozWBmY2VLLlCczinCHI8zG', '01012340138', NULL, NULL, NULL, 'MENTEE', 'user138@email.com', '추암리', '장성군', '전라남도'),
    (139, '2021-05-19 20:44:00', NULL, 0, 'bio139', '1996', 0, NULL, 'user139@email.com', 1, '2021-06-04 20:46:00', NULL, NULL, 'MALE', NULL, NULL, 'user139', 'user139', '$2a$10$HvrZYW8n/um6qLXrF79q0eiswWyI0MvozWBmY2VLLlCczinCHI8zG', '01012340139', NULL, NULL, NULL, 'MENTEE', 'user139@email.com', '관산리', '완도군', '전라남도'),
    (140, '2021-05-20 20:44:00', NULL, 0, 'bio140', '1997', 0, NULL, 'user140@email.com', 1, '2021-06-05 20:46:00', NULL, NULL, 'FEMALE', NULL, NULL, 'user140', 'user140', '$2a$10$HvrZYW8n/um6qLXrF79q0eiswWyI0MvozWBmY2VLLlCczinCHI8zG', '01012340140', NULL, NULL, NULL, 'MENTEE', 'user140@email.com', '죽림리', '진도군', '전라남도'),
    (141, '2021-05-21 20:44:00', NULL, 0, 'bio141', '1998', 0, NULL, 'user141@email.com', 1, '2021-06-06 20:46:00', NULL, NULL, 'MALE', NULL, NULL, 'user141', 'user141', '$2a$10$HvrZYW8n/um6qLXrF79q0eiswWyI0MvozWBmY2VLLlCczinCHI8zG', '01012340141', NULL, NULL, NULL, 'MENTEE', 'user141@email.com', '도고리', '신안군', '전라남도'),
    (142, '2021-05-22 20:44:00', NULL, 0, 'bio142', '1999', 0, NULL, 'user142@email.com', 1, '2021-06-07 20:46:00', NULL, NULL, 'FEMALE', NULL, NULL, 'user142', 'user142', '$2a$10$HvrZYW8n/um6qLXrF79q0eiswWyI0MvozWBmY2VLLlCczinCHI8zG', '01012340142', NULL, NULL, NULL, 'MENTEE', 'user142@email.com', '기동리', '신안군', '전라남도'),
    (143, '2021-05-23 20:44:00', NULL, 0, 'bio143', '2000', 0, NULL, 'user143@email.com', 1, '2021-06-08 20:46:00', NULL, NULL, 'MALE', NULL, NULL, 'user143', 'user143', '$2a$10$HvrZYW8n/um6qLXrF79q0eiswWyI0MvozWBmY2VLLlCczinCHI8zG', '01012340143', NULL, NULL, NULL, 'MENTEE', 'user143@email.com', '장기면', '포항시 남구', '경상북도'),
    (144, '2021-05-24 20:44:00', NULL, 0, 'bio144', '2001', 0, NULL, 'user144@email.com', 1, '2021-06-09 20:46:00', NULL, NULL, 'FEMALE', NULL, NULL, 'user144', 'user144', '$2a$10$HvrZYW8n/um6qLXrF79q0eiswWyI0MvozWBmY2VLLlCczinCHI8zG', '01012340144', NULL, NULL, NULL, 'MENTEE', 'user144@email.com', '청하면', '포항시 북구', '경상북도'),
    (145, '2021-05-25 20:44:00', NULL, 0, 'bio145', '2002', 0, NULL, 'user145@email.com', 1, '2021-06-10 20:46:00', NULL, NULL, 'MALE', NULL, NULL, 'user145', 'user145', '$2a$10$HvrZYW8n/um6qLXrF79q0eiswWyI0MvozWBmY2VLLlCczinCHI8zG', '01012340145', NULL, NULL, NULL, 'MENTEE', 'user145@email.com', '석장동', '경주시', '경상북도'),
    (146, '2021-05-26 20:44:00', NULL, 0, 'bio146', '2003', 0, NULL, 'user146@email.com', 1, '2021-06-11 20:46:00', NULL, NULL, 'FEMALE', NULL, NULL, 'user146', 'user146', '$2a$10$HvrZYW8n/um6qLXrF79q0eiswWyI0MvozWBmY2VLLlCczinCHI8zG', '01012340146', NULL, NULL, NULL, 'MENTEE', 'user146@email.com', '상신리', '경주시', '경상북도'),
    (147, '2021-05-27 20:44:00', NULL, 0, 'bio147', '2004', 0, NULL, 'user147@email.com', 1, '2021-06-12 20:46:00', NULL, NULL, 'MALE', NULL, NULL, 'user147', 'user147', '$2a$10$HvrZYW8n/um6qLXrF79q0eiswWyI0MvozWBmY2VLLlCczinCHI8zG', '01012340147', NULL, NULL, NULL, 'MENTEE', 'user147@email.com', '월명리', '김천시', '경상북도'),
    (148, '2021-05-28 20:44:00', NULL, 0, 'bio148', '2005', 0, NULL, 'user148@email.com', 1, '2021-06-13 20:46:00', NULL, NULL, 'FEMALE', NULL, NULL, 'user148', 'user148', '$2a$10$HvrZYW8n/um6qLXrF79q0eiswWyI0MvozWBmY2VLLlCczinCHI8zG', '01012340148', NULL, NULL, NULL, 'MENTEE', 'user148@email.com', '관덕리', '김천시', '경상북도'),
    (149, '2021-05-29 20:44:00', NULL, 0, 'bio149', '2006', 0, NULL, 'user149@email.com', 1, '2021-06-14 20:46:00', NULL, NULL, 'MALE', NULL, NULL, 'user149', 'user149', '$2a$10$HvrZYW8n/um6qLXrF79q0eiswWyI0MvozWBmY2VLLlCczinCHI8zG', '01012340149', NULL, NULL, NULL, 'MENTEE', 'user149@email.com', '신양리', '안동시', '경상북도'),
    (150, '2021-05-30 20:44:00', NULL, 0, 'bio150', '2007', 0, NULL, 'user150@email.com', 1, '2021-06-15 20:46:00', NULL, NULL, 'FEMALE', NULL, NULL, 'user150', 'user150', '$2a$10$HvrZYW8n/um6qLXrF79q0eiswWyI0MvozWBmY2VLLlCczinCHI8zG', '01012340150', NULL, NULL, NULL, 'MENTEE', 'user150@email.com', '천전리', '안동시', '경상북도'),
    (151, '2021-05-31 20:44:00', NULL, 0, 'bio151', '2008', 0, NULL, 'user151@email.com', 1, '2021-06-16 20:46:00', NULL, NULL, 'MALE', NULL, NULL, 'user151', 'user151', '$2a$10$HvrZYW8n/um6qLXrF79q0eiswWyI0MvozWBmY2VLLlCczinCHI8zG', '01012340151', NULL, NULL, NULL, 'MENTEE', 'user151@email.com', '시미동', '구미시', '경상북도'),
    (152, '2021-06-01 20:44:00', NULL, 0, 'bio152', '2009', 0, NULL, 'user152@email.com', 1, '2021-06-17 20:46:00', NULL, NULL, 'FEMALE', NULL, NULL, 'user152', 'user152', '$2a$10$HvrZYW8n/um6qLXrF79q0eiswWyI0MvozWBmY2VLLlCczinCHI8zG', '01012340152', NULL, NULL, NULL, 'MENTEE', 'user152@email.com', '임천리', '구미시', '경상북도'),
    (153, '2021-06-02 20:44:00', NULL, 0, 'bio153', '1991', 0, NULL, 'user153@email.com', 1, '2021-06-18 20:46:00', NULL, NULL, 'MALE', NULL, NULL, 'user153', 'user153', '$2a$10$HvrZYW8n/um6qLXrF79q0eiswWyI0MvozWBmY2VLLlCczinCHI8zG', '01012340153', NULL, NULL, NULL, 'MENTEE', 'user153@email.com', '유전리', '영주시', '경상북도'),
    (154, '2021-06-03 20:44:00', NULL, 0, 'bio154', '1992', 0, NULL, 'user154@email.com', 1, '2021-06-19 20:46:00', NULL, NULL, 'FEMALE', NULL, NULL, 'user154', 'user154', '$2a$10$HvrZYW8n/um6qLXrF79q0eiswWyI0MvozWBmY2VLLlCczinCHI8zG', '01012340154', NULL, NULL, NULL, 'MENTEE', 'user154@email.com', '용천리', '영천시', '경상북도'),
    (155, '2021-06-04 20:44:00', NULL, 0, 'bio155', '1993', 0, NULL, 'user155@email.com', 1, '2021-06-20 20:46:00', NULL, NULL, 'MALE', NULL, NULL, 'user155', 'user155', '$2a$10$HvrZYW8n/um6qLXrF79q0eiswWyI0MvozWBmY2VLLlCczinCHI8zG', '01012340155', NULL, NULL, NULL, 'MENTEE', 'user155@email.com', '삼귀리', '영천시', '경상북도'),
    (156, '2021-06-05 20:44:00', NULL, 0, 'bio156', '1994', 0, NULL, 'user156@email.com', 1, '2021-06-21 20:46:00', NULL, NULL, 'FEMALE', NULL, NULL, 'user156', 'user156', '$2a$10$HvrZYW8n/um6qLXrF79q0eiswWyI0MvozWBmY2VLLlCczinCHI8zG', '01012340156', NULL, NULL, NULL, 'MENTEE', 'user156@email.com', '덕통리', '상주시', '경상북도'),
    (157, '2021-06-06 20:44:00', NULL, 0, 'bio157', '1995', 0, NULL, 'user157@email.com', 1, '2021-06-22 20:46:00', NULL, NULL, 'MALE', NULL, NULL, 'user157', 'user157', '$2a$10$HvrZYW8n/um6qLXrF79q0eiswWyI0MvozWBmY2VLLlCczinCHI8zG', '01012340157', NULL, NULL, NULL, 'MENTEE', 'user157@email.com', '평지리', '상주시', '경상북도'),
    (158, '2021-06-07 20:44:00', NULL, 0, 'bio158', '1996', 0, NULL, 'user158@email.com', 1, '2021-06-23 20:46:00', NULL, NULL, 'FEMALE', NULL, NULL, 'user158', 'user158', '$2a$10$HvrZYW8n/um6qLXrF79q0eiswWyI0MvozWBmY2VLLlCczinCHI8zG', '01012340158', NULL, NULL, NULL, 'MENTEE', 'user158@email.com', '흑암리', '상주시', '경상북도'),
    (159, '2021-06-08 20:44:00', NULL, 0, 'bio159', '1997', 0, NULL, 'user159@email.com', 1, '2021-06-24 20:46:00', NULL, NULL, 'MALE', NULL, NULL, 'user159', 'user159', '$2a$10$HvrZYW8n/um6qLXrF79q0eiswWyI0MvozWBmY2VLLlCczinCHI8zG', '01012340159', NULL, NULL, NULL, 'MENTEE', 'user159@email.com', '대상리', '문경시', '경상북도'),
    (160, '2021-06-09 20:44:00', NULL, 0, 'bio160', '1998', 0, NULL, 'user160@email.com', 1, '2021-06-25 20:46:00', NULL, NULL, 'FEMALE', NULL, NULL, 'user160', 'user160', '$2a$10$HvrZYW8n/um6qLXrF79q0eiswWyI0MvozWBmY2VLLlCczinCHI8zG', '01012340160', NULL, NULL, NULL, 'MENTEE', 'user160@email.com', '보인리', '경산시', '경상북도'),
    (161, '2021-06-10 20:44:00', NULL, 0, 'bio161', '1999', 0, NULL, 'user161@email.com', 1, '2021-06-26 20:46:00', NULL, NULL, 'MALE', NULL, NULL, 'user161', 'user161', '$2a$10$HvrZYW8n/um6qLXrF79q0eiswWyI0MvozWBmY2VLLlCczinCHI8zG', '01012340161', NULL, NULL, NULL, 'MENTEE', 'user161@email.com', '용암리', '경산시', '경상북도'),
    (162, '2021-06-11 20:44:00', NULL, 0, 'bio162', '2000', 0, NULL, 'user162@email.com', 1, '2021-06-27 20:46:00', NULL, NULL, 'FEMALE', NULL, NULL, 'user162', 'user162', '$2a$10$HvrZYW8n/um6qLXrF79q0eiswWyI0MvozWBmY2VLLlCczinCHI8zG', '01012340162', NULL, NULL, NULL, 'MENTEE', 'user162@email.com', '파전리', '군위군', '경상북도'),
    (163, '2021-06-12 20:44:00', NULL, 0, 'bio163', '2001', 0, NULL, 'user163@email.com', 1, '2021-06-28 20:46:00', NULL, NULL, 'MALE', NULL, NULL, 'user163', 'user163', '$2a$10$HvrZYW8n/um6qLXrF79q0eiswWyI0MvozWBmY2VLLlCczinCHI8zG', '01012340163', NULL, NULL, NULL, 'MENTEE', 'user163@email.com', '금성면', '의성군', '경상북도'),
    (164, '2021-06-13 20:44:00', NULL, 0, 'bio164', '2002', 0, NULL, 'user164@email.com', 1, '2021-06-29 20:46:00', NULL, NULL, 'FEMALE', NULL, NULL, 'user164', 'user164', '$2a$10$HvrZYW8n/um6qLXrF79q0eiswWyI0MvozWBmY2VLLlCczinCHI8zG', '01012340164', NULL, NULL, NULL, 'MENTEE', 'user164@email.com', '용무리', '의성군', '경상북도'),
    (165, '2021-06-14 20:44:00', NULL, 0, 'bio165', '2003', 0, NULL, 'user165@email.com', 1, '2021-06-30 20:46:00', NULL, NULL, 'MALE', NULL, NULL, 'user165', 'user165', '$2a$10$HvrZYW8n/um6qLXrF79q0eiswWyI0MvozWBmY2VLLlCczinCHI8zG', '01012340165', NULL, NULL, NULL, 'MENTEE', 'user165@email.com', '신흥리', '청송군', '경상북도'),
    (166, '2021-06-15 20:44:00', NULL, 0, 'bio166', '2004', 0, NULL, 'user166@email.com', 1, '2021-07-01 20:46:00', NULL, NULL, 'FEMALE', NULL, NULL, 'user166', 'user166', '$2a$10$HvrZYW8n/um6qLXrF79q0eiswWyI0MvozWBmY2VLLlCczinCHI8zG', '01012340166', NULL, NULL, NULL, 'MENTEE', 'user166@email.com', '화매리', '영양군', '경상북도'),
    (167, '2021-06-16 20:44:00', NULL, 0, 'bio167', '2005', 0, NULL, 'user167@email.com', 1, '2021-07-02 20:46:00', NULL, NULL, 'MALE', NULL, NULL, 'user167', 'user167', '$2a$10$HvrZYW8n/um6qLXrF79q0eiswWyI0MvozWBmY2VLLlCczinCHI8zG', '01012340167', NULL, NULL, NULL, 'MENTEE', 'user167@email.com', '벌영리', '영덕군', '경상북도'),
    (168, '2021-06-17 20:44:00', NULL, 0, 'bio168', '2006', 0, NULL, 'user168@email.com', 1, '2021-07-03 20:46:00', NULL, NULL, 'FEMALE', NULL, NULL, 'user168', 'user168', '$2a$10$HvrZYW8n/um6qLXrF79q0eiswWyI0MvozWBmY2VLLlCczinCHI8zG', '01012340168', NULL, NULL, NULL, 'MENTEE', 'user168@email.com', '우산리', '청도군', '경상북도'),
    (169, '2021-06-18 20:44:00', NULL, 0, 'bio169', '2007', 0, NULL, 'user169@email.com', 1, '2021-07-04 20:46:00', NULL, NULL, 'MALE', NULL, NULL, 'user169', 'user169', '$2a$10$HvrZYW8n/um6qLXrF79q0eiswWyI0MvozWBmY2VLLlCczinCHI8zG', '01012340169', NULL, NULL, NULL, 'MENTEE', 'user169@email.com', '법리', '고령군', '경상북도'),
    (170, '2021-06-19 20:44:00', NULL, 0, 'bio170', '2008', 0, NULL, 'user170@email.com', 1, '2021-07-05 20:46:00', NULL, NULL, 'FEMALE', NULL, NULL, 'user170', 'user170', '$2a$10$HvrZYW8n/um6qLXrF79q0eiswWyI0MvozWBmY2VLLlCczinCHI8zG', '01012340170', NULL, NULL, NULL, 'MENTEE', 'user170@email.com', '유서리', '성주군', '경상북도'),
    (171, '2021-06-20 20:44:00', NULL, 0, 'bio171', '2009', 0, NULL, 'user171@email.com', 1, '2021-07-06 20:46:00', NULL, NULL, 'MALE', NULL, NULL, 'user171', 'user171', '$2a$10$HvrZYW8n/um6qLXrF79q0eiswWyI0MvozWBmY2VLLlCczinCHI8zG', '01012340171', NULL, NULL, NULL, 'MENTEE', 'user171@email.com', '석전리', '칠곡군', '경상북도'),
    (172, '2021-06-21 20:44:00', NULL, 0, 'bio172', '1991', 0, NULL, 'user172@email.com', 1, '2021-07-07 20:46:00', NULL, NULL, 'FEMALE', NULL, NULL, 'user172', 'user172', '$2a$10$HvrZYW8n/um6qLXrF79q0eiswWyI0MvozWBmY2VLLlCczinCHI8zG', '01012340172', NULL, NULL, NULL, 'MENTEE', 'user172@email.com', '상금곡리', '예천군', '경상북도'),
    (173, '2021-06-22 20:44:00', NULL, 0, 'bio173', '1992', 0, NULL, 'user173@email.com', 1, '2021-07-08 20:46:00', NULL, NULL, 'MALE', NULL, NULL, 'user173', 'user173', '$2a$10$HvrZYW8n/um6qLXrF79q0eiswWyI0MvozWBmY2VLLlCczinCHI8zG', '01012340173', NULL, NULL, NULL, 'MENTEE', 'user173@email.com', '금리', '예천군', '경상북도'),
    (174, '2021-06-23 20:44:00', NULL, 0, 'bio174', '1993', 0, NULL, 'user174@email.com', 1, '2021-07-09 20:46:00', NULL, NULL, 'FEMALE', NULL, NULL, 'user174', 'user174', '$2a$10$HvrZYW8n/um6qLXrF79q0eiswWyI0MvozWBmY2VLLlCczinCHI8zG', '01012340174', NULL, NULL, NULL, 'MENTEE', 'user174@email.com', '눌산리', '봉화군', '경상북도'),
    (175, '2021-06-24 20:44:00', NULL, 0, 'bio175', '1994', 0, NULL, 'user175@email.com', 1, '2021-07-10 20:46:00', NULL, NULL, 'MALE', NULL, NULL, 'user175', 'user175', '$2a$10$HvrZYW8n/um6qLXrF79q0eiswWyI0MvozWBmY2VLLlCczinCHI8zG', '01012340175', NULL, NULL, NULL, 'MENTEE', 'user175@email.com', '정명리', '울진군', '경상북도'),
    (176, '2021-06-25 20:44:00', NULL, 0, 'bio176', '1995', 0, NULL, 'user176@email.com', 1, '2021-07-11 20:46:00', NULL, NULL, 'FEMALE', NULL, NULL, 'user176', 'user176', '$2a$10$HvrZYW8n/um6qLXrF79q0eiswWyI0MvozWBmY2VLLlCczinCHI8zG', '01012340176', NULL, NULL, NULL, 'MENTEE', 'user176@email.com', '창곡동', '창원시 성산구', '경상남도'),
    (177, '2021-06-26 20:44:00', NULL, 0, 'bio177', '1996', 0, NULL, 'user177@email.com', 1, '2021-07-12 20:46:00', NULL, NULL, 'MALE', NULL, NULL, 'user177', 'user177', '$2a$10$HvrZYW8n/um6qLXrF79q0eiswWyI0MvozWBmY2VLLlCczinCHI8zG', '01012340177', NULL, NULL, NULL, 'MENTEE', 'user177@email.com', '광화동', '창원시 진해구', '경상남도'),
    (178, '2021-06-27 20:44:00', NULL, 0, 'bio178', '1997', 0, NULL, 'user178@email.com', 1, '2021-07-13 20:46:00', NULL, NULL, 'FEMALE', NULL, NULL, 'user178', 'user178', '$2a$10$HvrZYW8n/um6qLXrF79q0eiswWyI0MvozWBmY2VLLlCczinCHI8zG', '01012340178', NULL, NULL, NULL, 'MENTEE', 'user178@email.com', '가봉리', '진주시', '경상남도'),
    (179, '2021-06-28 20:44:00', NULL, 0, 'bio179', '1998', 0, NULL, 'user179@email.com', 1, '2021-07-14 20:46:00', NULL, NULL, 'MALE', NULL, NULL, 'user179', 'user179', '$2a$10$HvrZYW8n/um6qLXrF79q0eiswWyI0MvozWBmY2VLLlCczinCHI8zG', '01012340179', NULL, NULL, NULL, 'MENTEE', 'user179@email.com', '우수리', '진주시', '경상남도'),
    (180, '2021-06-29 20:44:00', NULL, 0, 'bio180', '1999', 0, NULL, 'user180@email.com', 1, '2021-07-15 20:46:00', NULL, NULL, 'FEMALE', NULL, NULL, 'user180', 'user180', '$2a$10$HvrZYW8n/um6qLXrF79q0eiswWyI0MvozWBmY2VLLlCczinCHI8zG', '01012340180', NULL, NULL, NULL, 'MENTEE', 'user180@email.com', '용강동', '사천시', '경상남도'),
    (181, '2021-06-30 20:44:00', NULL, 0, 'bio181', '2000', 0, NULL, 'user181@email.com', 1, '2021-07-16 20:46:00', NULL, NULL, 'MALE', NULL, NULL, 'user181', 'user181', '$2a$10$HvrZYW8n/um6qLXrF79q0eiswWyI0MvozWBmY2VLLlCczinCHI8zG', '01012340181', NULL, NULL, NULL, 'MENTEE', 'user181@email.com', '작팔리', '사천시', '경상남도'),
    (182, '2021-07-01 20:44:00', NULL, 0, 'bio182', '2001', 0, NULL, 'user182@email.com', 1, '2021-07-17 20:46:00', NULL, NULL, 'FEMALE', NULL, NULL, 'user182', 'user182', '$2a$10$HvrZYW8n/um6qLXrF79q0eiswWyI0MvozWBmY2VLLlCczinCHI8zG', '01012340182', NULL, NULL, NULL, 'MENTEE', 'user182@email.com', '생림면', '김해시', '경상남도'),
    (183, '2021-07-02 20:44:00', NULL, 0, 'bio183', '2002', 0, NULL, 'user183@email.com', 1, '2021-07-18 20:46:00', NULL, NULL, 'MALE', NULL, NULL, 'user183', 'user183', '$2a$10$HvrZYW8n/um6qLXrF79q0eiswWyI0MvozWBmY2VLLlCczinCHI8zG', '01012340183', NULL, NULL, NULL, 'MENTEE', 'user183@email.com', '남명리', '밀양시', '경상남도'),
    (184, '2021-07-03 20:44:00', NULL, 0, 'bio184', '2003', 0, NULL, 'user184@email.com', 1, '2021-07-19 20:46:00', NULL, NULL, 'FEMALE', NULL, NULL, 'user184', 'user184', '$2a$10$HvrZYW8n/um6qLXrF79q0eiswWyI0MvozWBmY2VLLlCczinCHI8zG', '01012340184', NULL, NULL, NULL, 'MENTEE', 'user184@email.com', '다포리', '거제시', '경상남도'),
    (185, '2021-07-04 20:44:00', NULL, 0, 'bio185', '2004', 0, NULL, 'user185@email.com', 1, '2021-07-20 20:46:00', NULL, NULL, 'MALE', NULL, NULL, 'user185', 'user185', '$2a$10$HvrZYW8n/um6qLXrF79q0eiswWyI0MvozWBmY2VLLlCczinCHI8zG', '01012340185', NULL, NULL, NULL, 'MENTEE', 'user185@email.com', '가산리', '양산시', '경상남도'),
    (186, '2021-07-05 20:44:00', NULL, 0, 'bio186', '2005', 0, NULL, 'user186@email.com', 1, '2021-07-21 20:46:00', NULL, NULL, 'FEMALE', NULL, NULL, 'user186', 'user186', '$2a$10$HvrZYW8n/um6qLXrF79q0eiswWyI0MvozWBmY2VLLlCczinCHI8zG', '01012340186', NULL, NULL, NULL, 'MENTEE', 'user186@email.com', '지정면', '의령군', '경상남도'),
    (187, '2021-07-06 20:44:00', NULL, 0, 'bio187', '2006', 0, NULL, 'user187@email.com', 1, '2021-07-22 20:46:00', NULL, NULL, 'MALE', NULL, NULL, 'user187', 'user187', '$2a$10$HvrZYW8n/um6qLXrF79q0eiswWyI0MvozWBmY2VLLlCczinCHI8zG', '01012340187', NULL, NULL, NULL, 'MENTEE', 'user187@email.com', '장지리', '함안군', '경상남도'),
    (188, '2021-07-07 20:44:00', NULL, 0, 'bio188', '2007', 0, NULL, 'user188@email.com', 1, '2021-07-23 20:46:00', NULL, NULL, 'FEMALE', NULL, NULL, 'user188', 'user188', '$2a$10$HvrZYW8n/um6qLXrF79q0eiswWyI0MvozWBmY2VLLlCczinCHI8zG', '01012340188', NULL, NULL, NULL, 'MENTEE', 'user188@email.com', '감리', '창녕군', '경상남도'),
    (189, '2021-07-08 20:44:00', NULL, 0, 'bio189', '2008', 0, NULL, 'user189@email.com', 1, '2021-07-24 20:46:00', NULL, NULL, 'MALE', NULL, NULL, 'user189', 'user189', '$2a$10$HvrZYW8n/um6qLXrF79q0eiswWyI0MvozWBmY2VLLlCczinCHI8zG', '01012340189', NULL, NULL, NULL, 'MENTEE', 'user189@email.com', '길곡리', '창녕군', '경상남도'),
    (190, '2021-07-09 20:44:00', NULL, 0, 'bio190', '2009', 0, NULL, 'user190@email.com', 1, '2021-07-25 20:46:00', NULL, NULL, 'FEMALE', NULL, NULL, 'user190', 'user190', '$2a$10$HvrZYW8n/um6qLXrF79q0eiswWyI0MvozWBmY2VLLlCczinCHI8zG', '01012340190', NULL, NULL, NULL, 'MENTEE', 'user190@email.com', '명성리', '고성군', '경상남도'),
    (191, '2021-07-10 20:44:00', NULL, 0, 'bio191', '1991', 0, NULL, 'user191@email.com', 0, NULL, NULL, NULL, 'MALE', NULL, NULL, 'user191', 'user191', '$2a$10$HvrZYW8n/um6qLXrF79q0eiswWyI0MvozWBmY2VLLlCczinCHI8zG', '01012340191', NULL, NULL, NULL, 'MENTEE', 'user191@email.com', '정포리', '남해군', '경상남도'),
    (192, '2021-07-11 20:44:00', NULL, 0, 'bio192', '1992', 0, NULL, 'user192@email.com', 0, NULL, NULL, NULL, 'FEMALE', NULL, NULL, 'user192', 'user192', '$2a$10$HvrZYW8n/um6qLXrF79q0eiswWyI0MvozWBmY2VLLlCczinCHI8zG', '01012340192', NULL, NULL, NULL, 'MENTEE', 'user192@email.com', '송문리', '하동군', '경상남도'),
    (193, '2021-07-12 20:44:00', NULL, 0, 'bio193', '1993', 0, NULL, 'user193@email.com', 0, NULL, NULL, NULL, 'MALE', NULL, NULL, 'user193', 'user193', '$2a$10$HvrZYW8n/um6qLXrF79q0eiswWyI0MvozWBmY2VLLlCczinCHI8zG', '01012340193', NULL, NULL, NULL, 'MENTEE', 'user193@email.com', '향양리', '산청군', '경상남도'),
    (194, '2021-07-13 20:44:00', NULL, 0, 'bio194', '1994', 0, NULL, 'user194@email.com', 0, NULL, NULL, NULL, 'FEMALE', NULL, NULL, 'user194', 'user194', '$2a$10$HvrZYW8n/um6qLXrF79q0eiswWyI0MvozWBmY2VLLlCczinCHI8zG', '01012340194', NULL, NULL, NULL, 'MENTEE', 'user194@email.com', '이은리', '함양군', '경상남도'),
    (195, '2021-07-14 20:44:00', NULL, 0, 'bio195', '1995', 0, NULL, 'user195@email.com', 0, NULL, NULL, NULL, 'MALE', NULL, NULL, 'user195', 'user195', '$2a$10$HvrZYW8n/um6qLXrF79q0eiswWyI0MvozWBmY2VLLlCczinCHI8zG', '01012340195', NULL, NULL, NULL, 'MENTEE', 'user195@email.com', '연덕리', '함양군', '경상남도'),
    (196, '2021-07-15 20:44:00', NULL, 0, 'bio196', '1996', 0, NULL, 'user196@email.com', 0, NULL, NULL, NULL, 'FEMALE', NULL, NULL, 'user196', 'user196', '$2a$10$HvrZYW8n/um6qLXrF79q0eiswWyI0MvozWBmY2VLLlCczinCHI8zG', '01012340196', NULL, NULL, NULL, 'MENTEE', 'user196@email.com', '도리', '거창군', '경상남도'),
    (197, '2021-07-16 20:44:00', NULL, 0, 'bio197', '1997', 0, NULL, 'user197@email.com', 0, NULL, NULL, NULL, 'MALE', NULL, NULL, 'user197', 'user197', '$2a$10$HvrZYW8n/um6qLXrF79q0eiswWyI0MvozWBmY2VLLlCczinCHI8zG', '01012340197', NULL, NULL, NULL, 'MENTEE', 'user197@email.com', '관평리', '합천군', '경상남도'),
    (198, '2021-07-17 20:44:00', NULL, 0, 'bio198', '1998', 0, NULL, 'user198@email.com', 0, NULL, NULL, NULL, 'FEMALE', NULL, NULL, 'user198', 'user198', '$2a$10$HvrZYW8n/um6qLXrF79q0eiswWyI0MvozWBmY2VLLlCczinCHI8zG', '01012340198', NULL, NULL, NULL, 'MENTEE', 'user198@email.com', '회양리', '합천군', '경상남도'),
    (199, '2021-07-18 20:44:00', NULL, 0, 'bio199', '1999', 0, NULL, 'user199@email.com', 0, NULL, NULL, NULL, 'MALE', NULL, NULL, 'user199', 'user199', '$2a$10$HvrZYW8n/um6qLXrF79q0eiswWyI0MvozWBmY2VLLlCczinCHI8zG', '01012340199', NULL, NULL, NULL, 'MENTEE', 'user199@email.com', '봉성리', '제주시', '제주특별자치도'),
    (200, '2021-07-19 20:44:00', NULL, 0, 'bio200', '2000', 0, NULL, 'user200@email.com', 0, NULL, NULL, NULL, 'FEMALE', NULL, NULL, 'user200', 'user200', '$2a$10$HvrZYW8n/um6qLXrF79q0eiswWyI0MvozWBmY2VLLlCczinCHI8zG', '01012340200', NULL, NULL, NULL, 'MENTEE', 'user200@email.com', '신례리', '서귀포시', '제주특별자치도');
/*!40000 ALTER TABLE `user` ENABLE KEYS */;

-- 테이블 데이터 mentoridge.mentee:~0 rows (대략적) 내보내기
/*!40000 ALTER TABLE `mentee` DISABLE KEYS */;
INSERT INTO `mentee` (`mentee_id`, `created_at`, `updated_at`, `subjects`, `user_id`) VALUES
    (1, '2021-01-17 20:46:00', NULL, NULL, 1),
    (2, '2021-01-18 20:46:00', NULL, NULL, 2),
    (3, '2021-01-19 20:46:00', NULL, NULL, 3),
    (4, '2021-01-20 20:46:00', NULL, NULL, 4),
    (5, '2021-01-21 20:46:00', NULL, NULL, 5),
    (6, '2021-01-22 20:46:00', NULL, NULL, 6),
    (7, '2021-01-23 20:46:00', NULL, NULL, 7),
    (8, '2021-01-24 20:46:00', NULL, NULL, 8),
    (9, '2021-01-25 20:46:00', NULL, NULL, 9),
    (10, '2021-01-26 20:46:00', NULL, NULL, 10),
    (11, '2021-01-27 20:46:00', NULL, NULL, 11),
    (12, '2021-01-28 20:46:00', NULL, NULL, 12),
    (13, '2021-01-29 20:46:00', NULL, NULL, 13),
    (14, '2021-01-30 20:46:00', NULL, NULL, 14),
    (15, '2021-01-31 20:46:00', NULL, NULL, 15),
    (16, '2021-02-01 20:46:00', NULL, NULL, 16),
    (17, '2021-02-02 20:46:00', NULL, NULL, 17),
    (18, '2021-02-03 20:46:00', NULL, NULL, 18),
    (19, '2021-02-04 20:46:00', NULL, NULL, 19),
    (20, '2021-02-05 20:46:00', NULL, NULL, 20),
    (21, '2021-02-06 20:46:00', NULL, NULL, 21),
    (22, '2021-02-07 20:46:00', NULL, NULL, 22),
    (23, '2021-02-08 20:46:00', NULL, NULL, 23),
    (24, '2021-02-09 20:46:00', NULL, NULL, 24),
    (25, '2021-02-10 20:46:00', NULL, NULL, 25),
    (26, '2021-02-11 20:46:00', NULL, NULL, 26),
    (27, '2021-02-12 20:46:00', NULL, NULL, 27),
    (28, '2021-02-13 20:46:00', NULL, NULL, 28),
    (29, '2021-02-14 20:46:00', NULL, NULL, 29),
    (30, '2021-02-15 20:46:00', NULL, NULL, 30),
    (31, '2021-02-16 20:46:00', NULL, NULL, 31),
    (32, '2021-02-17 20:46:00', NULL, NULL, 32),
    (33, '2021-02-18 20:46:00', NULL, NULL, 33),
    (34, '2021-02-19 20:46:00', NULL, NULL, 34),
    (35, '2021-02-20 20:46:00', NULL, NULL, 35),
    (36, '2021-02-21 20:46:00', NULL, NULL, 36),
    (37, '2021-02-22 20:46:00', NULL, NULL, 37),
    (38, '2021-02-23 20:46:00', NULL, NULL, 38),
    (39, '2021-02-24 20:46:00', NULL, NULL, 39),
    (40, '2021-02-25 20:46:00', NULL, NULL, 40),
    (41, '2021-02-26 20:46:00', NULL, NULL, 41),
    (42, '2021-02-27 20:46:00', NULL, NULL, 42),
    (43, '2021-02-28 20:46:00', NULL, NULL, 43),
    (44, '2021-03-01 20:46:00', NULL, NULL, 44),
    (45, '2021-03-02 20:46:00', NULL, NULL, 45),
    (46, '2021-03-03 20:46:00', NULL, NULL, 46),
    (47, '2021-03-04 20:46:00', NULL, NULL, 47),
    (48, '2021-03-05 20:46:00', NULL, NULL, 48),
    (49, '2021-03-06 20:46:00', NULL, NULL, 49),
    (50, '2021-03-07 20:46:00', NULL, NULL, 50),
    (51, '2021-03-08 20:46:00', NULL, NULL, 51),
    (52, '2021-03-09 20:46:00', NULL, NULL, 52),
    (53, '2021-03-10 20:46:00', NULL, NULL, 53),
    (54, '2021-03-11 20:46:00', NULL, NULL, 54),
    (55, '2021-03-12 20:46:00', NULL, NULL, 55),
    (56, '2021-03-13 20:46:00', NULL, NULL, 56),
    (57, '2021-03-14 20:46:00', NULL, NULL, 57),
    (58, '2021-03-15 20:46:00', NULL, NULL, 58),
    (59, '2021-03-16 20:46:00', NULL, NULL, 59),
    (60, '2021-03-17 20:46:00', NULL, NULL, 60),
    (61, '2021-03-18 20:46:00', NULL, NULL, 61),
    (62, '2021-03-19 20:46:00', NULL, NULL, 62),
    (63, '2021-03-20 20:46:00', NULL, NULL, 63),
    (64, '2021-03-21 20:46:00', NULL, NULL, 64),
    (65, '2021-03-22 20:46:00', NULL, NULL, 65),
    (66, '2021-03-23 20:46:00', NULL, NULL, 66),
    (67, '2021-03-24 20:46:00', NULL, NULL, 67),
    (68, '2021-03-25 20:46:00', NULL, NULL, 68),
    (69, '2021-03-26 20:46:00', NULL, NULL, 69),
    (70, '2021-03-27 20:46:00', NULL, NULL, 70),
    (71, '2021-03-28 20:46:00', NULL, NULL, 71),
    (72, '2021-03-29 20:46:00', NULL, NULL, 72),
    (73, '2021-03-30 20:46:00', NULL, NULL, 73),
    (74, '2021-03-31 20:46:00', NULL, NULL, 74),
    (75, '2021-04-01 20:46:00', NULL, NULL, 75),
    (76, '2021-04-02 20:46:00', NULL, NULL, 76),
    (77, '2021-04-03 20:46:00', NULL, NULL, 77),
    (78, '2021-04-04 20:46:00', NULL, NULL, 78),
    (79, '2021-04-05 20:46:00', NULL, NULL, 79),
    (80, '2021-04-06 20:46:00', NULL, NULL, 80),
    (81, '2021-04-07 20:46:00', NULL, NULL, 81),
    (82, '2021-04-08 20:46:00', NULL, NULL, 82),
    (83, '2021-04-09 20:46:00', NULL, NULL, 83),
    (84, '2021-04-10 20:46:00', NULL, NULL, 84),
    (85, '2021-04-11 20:46:00', NULL, NULL, 85),
    (86, '2021-04-12 20:46:00', NULL, NULL, 86),
    (87, '2021-04-13 20:46:00', NULL, NULL, 87),
    (88, '2021-04-14 20:46:00', NULL, NULL, 88),
    (89, '2021-04-15 20:46:00', NULL, NULL, 89),
    (90, '2021-04-16 20:46:00', NULL, NULL, 90),
    (91, '2021-04-17 20:46:00', NULL, NULL, 91),
    (92, '2021-04-18 20:46:00', NULL, NULL, 92),
    (93, '2021-04-19 20:46:00', NULL, NULL, 93),
    (94, '2021-04-20 20:46:00', NULL, NULL, 94),
    (95, '2021-04-21 20:46:00', NULL, NULL, 95),
    (96, '2021-04-22 20:46:00', NULL, NULL, 96),
    (97, '2021-04-23 20:46:00', NULL, NULL, 97),
    (98, '2021-04-24 20:46:00', NULL, NULL, 98),
    (99, '2021-04-25 20:46:00', NULL, NULL, 99),
    (100, '2021-04-26 20:46:00', NULL, NULL, 100),
    (101, '2021-04-27 20:46:00', NULL, NULL, 101),
    (102, '2021-04-28 20:46:00', NULL, NULL, 102),
    (103, '2021-04-29 20:46:00', NULL, NULL, 103),
    (104, '2021-04-30 20:46:00', NULL, NULL, 104),
    (105, '2021-05-01 20:46:00', NULL, NULL, 105),
    (106, '2021-05-02 20:46:00', NULL, NULL, 106),
    (107, '2021-05-03 20:46:00', NULL, NULL, 107),
    (108, '2021-05-04 20:46:00', NULL, NULL, 108),
    (109, '2021-05-05 20:46:00', NULL, NULL, 109),
    (110, '2021-05-06 20:46:00', NULL, NULL, 110),
    (111, '2021-05-07 20:46:00', NULL, NULL, 111),
    (112, '2021-05-08 20:46:00', NULL, NULL, 112),
    (113, '2021-05-09 20:46:00', NULL, NULL, 113),
    (114, '2021-05-10 20:46:00', NULL, NULL, 114),
    (115, '2021-05-11 20:46:00', NULL, NULL, 115),
    (116, '2021-05-12 20:46:00', NULL, NULL, 116),
    (117, '2021-05-13 20:46:00', NULL, NULL, 117),
    (118, '2021-05-14 20:46:00', NULL, NULL, 118),
    (119, '2021-05-15 20:46:00', NULL, NULL, 119),
    (120, '2021-05-16 20:46:00', NULL, NULL, 120),
    (121, '2021-05-17 20:46:00', NULL, NULL, 121),
    (122, '2021-05-18 20:46:00', NULL, NULL, 122),
    (123, '2021-05-19 20:46:00', NULL, NULL, 123),
    (124, '2021-05-20 20:46:00', NULL, NULL, 124),
    (125, '2021-05-21 20:46:00', NULL, NULL, 125),
    (126, '2021-05-22 20:46:00', NULL, NULL, 126),
    (127, '2021-05-23 20:46:00', NULL, NULL, 127),
    (128, '2021-05-24 20:46:00', NULL, NULL, 128),
    (129, '2021-05-25 20:46:00', NULL, NULL, 129),
    (130, '2021-05-26 20:46:00', NULL, NULL, 130),
    (131, '2021-05-27 20:46:00', NULL, NULL, 131),
    (132, '2021-05-28 20:46:00', NULL, NULL, 132),
    (133, '2021-05-29 20:46:00', NULL, NULL, 133),
    (134, '2021-05-30 20:46:00', NULL, NULL, 134),
    (135, '2021-05-31 20:46:00', NULL, NULL, 135),
    (136, '2021-06-01 20:46:00', NULL, NULL, 136),
    (137, '2021-06-02 20:46:00', NULL, NULL, 137),
    (138, '2021-06-03 20:46:00', NULL, NULL, 138),
    (139, '2021-06-04 20:46:00', NULL, NULL, 139),
    (140, '2021-06-05 20:46:00', NULL, NULL, 140),
    (141, '2021-06-06 20:46:00', NULL, NULL, 141),
    (142, '2021-06-07 20:46:00', NULL, NULL, 142),
    (143, '2021-06-08 20:46:00', NULL, NULL, 143),
    (144, '2021-06-09 20:46:00', NULL, NULL, 144),
    (145, '2021-06-10 20:46:00', NULL, NULL, 145),
    (146, '2021-06-11 20:46:00', NULL, NULL, 146),
    (147, '2021-06-12 20:46:00', NULL, NULL, 147),
    (148, '2021-06-13 20:46:00', NULL, NULL, 148),
    (149, '2021-06-14 20:46:00', NULL, NULL, 149),
    (150, '2021-06-15 20:46:00', NULL, NULL, 150),
    (151, '2021-06-16 20:46:00', NULL, NULL, 151),
    (152, '2021-06-17 20:46:00', NULL, NULL, 152),
    (153, '2021-06-18 20:46:00', NULL, NULL, 153),
    (154, '2021-06-19 20:46:00', NULL, NULL, 154),
    (155, '2021-06-20 20:46:00', NULL, NULL, 155),
    (156, '2021-06-21 20:46:00', NULL, NULL, 156),
    (157, '2021-06-22 20:46:00', NULL, NULL, 157),
    (158, '2021-06-23 20:46:00', NULL, NULL, 158),
    (159, '2021-06-24 20:46:00', NULL, NULL, 159),
    (160, '2021-06-25 20:46:00', NULL, NULL, 160),
    (161, '2021-06-26 20:46:00', NULL, NULL, 161),
    (162, '2021-06-27 20:46:00', NULL, NULL, 162),
    (163, '2021-06-28 20:46:00', NULL, NULL, 163),
    (164, '2021-06-29 20:46:00', NULL, NULL, 164),
    (165, '2021-06-30 20:46:00', NULL, NULL, 165),
    (166, '2021-07-01 20:46:00', NULL, NULL, 166),
    (167, '2021-07-02 20:46:00', NULL, NULL, 167),
    (168, '2021-07-03 20:46:00', NULL, NULL, 168),
    (169, '2021-07-04 20:46:00', NULL, NULL, 169),
    (170, '2021-07-05 20:46:00', NULL, NULL, 170),
    (171, '2021-07-06 20:46:00', NULL, NULL, 171),
    (172, '2021-07-07 20:46:00', NULL, NULL, 172),
    (173, '2021-07-08 20:46:00', NULL, NULL, 173),
    (174, '2021-07-09 20:46:00', NULL, NULL, 174),
    (175, '2021-07-10 20:46:00', NULL, NULL, 175),
    (176, '2021-07-11 20:46:00', NULL, NULL, 176),
    (177, '2021-07-12 20:46:00', NULL, NULL, 177),
    (178, '2021-07-13 20:46:00', NULL, NULL, 178),
    (179, '2021-07-14 20:46:00', NULL, NULL, 179),
    (180, '2021-07-15 20:46:00', NULL, NULL, 180),
    (181, '2021-07-16 20:46:00', NULL, NULL, 181),
    (182, '2021-07-17 20:46:00', NULL, NULL, 182),
    (183, '2021-07-18 20:46:00', NULL, NULL, 183),
    (184, '2021-07-19 20:46:00', NULL, NULL, 184),
    (185, '2021-07-20 20:46:00', NULL, NULL, 185),
    (186, '2021-07-21 20:46:00', NULL, NULL, 186),
    (187, '2021-07-22 20:46:00', NULL, NULL, 187),
    (188, '2021-07-23 20:46:00', NULL, NULL, 188),
    (189, '2021-07-24 20:46:00', NULL, NULL, 189),
    (190, '2021-07-25 20:46:00', NULL, NULL, 190);
/*!40000 ALTER TABLE `mentee` ENABLE KEYS */;

-- 테이블 데이터 mentoridge.mentor:~0 rows (대략적) 내보내기
/*!40000 ALTER TABLE `mentor` DISABLE KEYS */;
INSERT INTO `mentor` (`mentor_id`, `created_at`, `updated_at`, `user_id`) VALUES
    (1, '2021-01-17 21:46:00', NULL, 1),
    (2, '2021-01-18 21:46:00', NULL, 2),
    (3, '2021-01-19 21:46:00', NULL, 3),
    (4, '2021-01-20 21:46:00', NULL, 4),
    (5, '2021-01-21 21:46:00', NULL, 5),
    (6, '2021-01-22 21:46:00', NULL, 6),
    (7, '2021-01-23 21:46:00', NULL, 7),
    (8, '2021-01-24 21:46:00', NULL, 8),
    (9, '2021-01-25 21:46:00', NULL, 9),
    (10, '2021-01-26 21:46:00', NULL, 10),
    (11, '2021-01-27 21:46:00', NULL, 11),
    (12, '2021-01-28 21:46:00', NULL, 12),
    (13, '2021-01-29 21:46:00', NULL, 13),
    (14, '2021-01-30 21:46:00', NULL, 14),
    (15, '2021-01-31 21:46:00', NULL, 15),
    (16, '2021-02-01 21:46:00', NULL, 16),
    (17, '2021-02-02 21:46:00', NULL, 17),
    (18, '2021-02-03 21:46:00', NULL, 18),
    (19, '2021-02-04 21:46:00', NULL, 19),
    (20, '2021-02-05 21:46:00', NULL, 20),
    (21, '2021-02-06 21:46:00', NULL, 21),
    (22, '2021-02-07 21:46:00', NULL, 22),
    (23, '2021-02-08 21:46:00', NULL, 23),
    (24, '2021-02-09 21:46:00', NULL, 24),
    (25, '2021-02-10 21:46:00', NULL, 25),
    (26, '2021-02-11 21:46:00', NULL, 26),
    (27, '2021-02-12 21:46:00', NULL, 27),
    (28, '2021-02-13 21:46:00', NULL, 28),
    (29, '2021-02-14 21:46:00', NULL, 29),
    (30, '2021-02-15 21:46:00', NULL, 30),
    (31, '2021-02-16 21:46:00', NULL, 31),
    (32, '2021-02-17 21:46:00', NULL, 32),
    (33, '2021-02-18 21:46:00', NULL, 33),
    (34, '2021-02-19 21:46:00', NULL, 34),
    (35, '2021-02-20 21:46:00', NULL, 35),
    (36, '2021-02-21 21:46:00', NULL, 36),
    (37, '2021-02-22 21:46:00', NULL, 37),
    (38, '2021-02-23 21:46:00', NULL, 38),
    (39, '2021-02-24 21:46:00', NULL, 39),
    (40, '2021-02-25 21:46:00', NULL, 40),
    (41, '2021-02-26 21:46:00', NULL, 41),
    (42, '2021-02-27 21:46:00', NULL, 42),
    (43, '2021-02-28 21:46:00', NULL, 43),
    (44, '2021-03-01 21:46:00', NULL, 44),
    (45, '2021-03-02 21:46:00', NULL, 45),
    (46, '2021-03-03 21:46:00', NULL, 46),
    (47, '2021-03-04 21:46:00', NULL, 47),
    (48, '2021-03-05 21:46:00', NULL, 48),
    (49, '2021-03-06 21:46:00', NULL, 49),
    (50, '2021-03-07 21:46:00', NULL, 50),
    (51, '2021-03-08 21:46:00', NULL, 51),
    (52, '2021-03-09 21:46:00', NULL, 52),
    (53, '2021-03-10 21:46:00', NULL, 53),
    (54, '2021-03-11 21:46:00', NULL, 54),
    (55, '2021-03-12 21:46:00', NULL, 55),
    (56, '2021-03-13 21:46:00', NULL, 56),
    (57, '2021-03-14 21:46:00', NULL, 57),
    (58, '2021-03-15 21:46:00', NULL, 58),
    (59, '2021-03-16 21:46:00', NULL, 59),
    (60, '2021-03-17 21:46:00', NULL, 60),
    (61, '2021-03-18 21:46:00', NULL, 61),
    (62, '2021-03-19 21:46:00', NULL, 62),
    (63, '2021-03-20 21:46:00', NULL, 63),
    (64, '2021-03-21 21:46:00', NULL, 64),
    (65, '2021-03-22 21:46:00', NULL, 65),
    (66, '2021-03-23 21:46:00', NULL, 66),
    (67, '2021-03-24 21:46:00', NULL, 67),
    (68, '2021-03-25 21:46:00', NULL, 68),
    (69, '2021-03-26 21:46:00', NULL, 69),
    (70, '2021-03-27 21:46:00', NULL, 70),
    (71, '2021-03-28 21:46:00', NULL, 71),
    (72, '2021-03-29 21:46:00', NULL, 72),
    (73, '2021-03-30 21:46:00', NULL, 73),
    (74, '2021-03-31 21:46:00', NULL, 74),
    (75, '2021-04-01 21:46:00', NULL, 75),
    (76, '2021-04-02 21:46:00', NULL, 76),
    (77, '2021-04-03 21:46:00', NULL, 77),
    (78, '2021-04-04 21:46:00', NULL, 78),
    (79, '2021-04-05 21:46:00', NULL, 79),
    (80, '2021-04-06 21:46:00', NULL, 80),
    (81, '2021-04-07 21:46:00', NULL, 81),
    (82, '2021-04-08 21:46:00', NULL, 82),
    (83, '2021-04-09 21:46:00', NULL, 83),
    (84, '2021-04-10 21:46:00', NULL, 84),
    (85, '2021-04-11 21:46:00', NULL, 85),
    (86, '2021-04-12 21:46:00', NULL, 86),
    (87, '2021-04-13 21:46:00', NULL, 87),
    (88, '2021-04-14 21:46:00', NULL, 88),
    (89, '2021-04-15 21:46:00', NULL, 89),
    (90, '2021-04-16 21:46:00', NULL, 90),
    (91, '2021-04-17 21:46:00', NULL, 91),
    (92, '2021-04-18 21:46:00', NULL, 92),
    (93, '2021-04-19 21:46:00', NULL, 93),
    (94, '2021-04-20 21:46:00', NULL, 94),
    (95, '2021-04-21 21:46:00', NULL, 95),
    (96, '2021-04-22 21:46:00', NULL, 96),
    (97, '2021-04-23 21:46:00', NULL, 97),
    (98, '2021-04-24 21:46:00', NULL, 98),
    (99, '2021-04-25 21:46:00', NULL, 99),
    (100, '2021-04-26 21:46:00', NULL, 100);
/*!40000 ALTER TABLE `mentor` ENABLE KEYS */;

-- 테이블 데이터 mentoridge.career:~0 rows (대략적) 내보내기
/*!40000 ALTER TABLE `career` DISABLE KEYS */;
INSERT INTO `career` (`career_id`, `created_at`, `updated_at`, `company_name`, `job`, `license`, `others`, `mentor_id`) VALUES
	(1, '2021-01-17 21:46:00', NULL, 'company1', 'job1', 'license1', NULL, 1),
	(2, '2021-01-18 21:46:00', NULL, 'company2', 'job2', 'license2', NULL, 2),
	(3, '2021-01-19 21:46:00', NULL, 'company3', 'job3', 'license3', NULL, 3),
	(4, '2021-01-20 21:46:00', NULL, 'company4', 'job4', 'license4', NULL, 4),
	(5, '2021-01-21 21:46:00', NULL, 'company5', 'job5', 'license5', NULL, 5),
	(6, '2021-01-22 21:46:00', NULL, 'company6', 'job6', 'license6', NULL, 6),
	(7, '2021-01-23 21:46:00', NULL, 'company7', 'job7', 'license7', NULL, 7),
	(8, '2021-01-24 21:46:00', NULL, 'company8', 'job8', 'license8', NULL, 8),
	(9, '2021-01-25 21:46:00', NULL, 'company9', 'job9', 'license9', NULL, 9),
	(10, '2021-01-26 21:46:00', NULL, 'company10', 'job10', 'license10', NULL, 10),
	(11, '2021-01-27 21:46:00', NULL, 'company11', 'job11', 'license11', NULL, 11),
	(12, '2021-01-28 21:46:00', NULL, 'company12', 'job12', 'license12', NULL, 12),
	(13, '2021-01-29 21:46:00', NULL, 'company13', 'job13', 'license13', NULL, 13),
	(14, '2021-01-30 21:46:00', NULL, 'company14', 'job14', 'license14', NULL, 14),
	(15, '2021-01-31 21:46:00', NULL, 'company15', 'job15', 'license15', NULL, 15),
	(16, '2021-02-01 21:46:00', NULL, 'company16', 'job16', 'license16', NULL, 16),
	(17, '2021-02-02 21:46:00', NULL, 'company17', 'job17', 'license17', NULL, 17),
	(18, '2021-02-03 21:46:00', NULL, 'company18', 'job18', 'license18', NULL, 18),
	(19, '2021-02-04 21:46:00', NULL, 'company19', 'job19', 'license19', NULL, 19),
	(20, '2021-02-05 21:46:00', NULL, 'company20', 'job20', 'license20', NULL, 20),
	(21, '2021-02-06 21:46:00', NULL, 'company21', 'job21', 'license21', NULL, 21),
	(22, '2021-02-07 21:46:00', NULL, 'company22', 'job22', 'license22', NULL, 22),
	(23, '2021-02-08 21:46:00', NULL, 'company23', 'job23', 'license23', NULL, 23),
	(24, '2021-02-09 21:46:00', NULL, 'company24', 'job24', 'license24', NULL, 24),
	(25, '2021-02-10 21:46:00', NULL, 'company25', 'job25', 'license25', NULL, 25),
	(26, '2021-02-11 21:46:00', NULL, 'company26', 'job26', 'license26', NULL, 26),
	(27, '2021-02-12 21:46:00', NULL, 'company27', 'job27', 'license27', NULL, 27),
	(28, '2021-02-13 21:46:00', NULL, 'company28', 'job28', 'license28', NULL, 28),
	(29, '2021-02-14 21:46:00', NULL, 'company29', 'job29', 'license29', NULL, 29),
	(30, '2021-02-15 21:46:00', NULL, 'company30', 'job30', 'license30', NULL, 30),
	(31, '2021-02-16 21:46:00', NULL, 'company31', 'job31', 'license31', NULL, 31),
	(32, '2021-02-17 21:46:00', NULL, 'company32', 'job32', 'license32', NULL, 32),
	(33, '2021-02-18 21:46:00', NULL, 'company33', 'job33', 'license33', NULL, 33),
	(34, '2021-02-19 21:46:00', NULL, 'company34', 'job34', 'license34', NULL, 34),
	(35, '2021-02-20 21:46:00', NULL, 'company35', 'job35', 'license35', NULL, 35),
	(36, '2021-02-21 21:46:00', NULL, 'company36', 'job36', 'license36', NULL, 36),
	(37, '2021-02-22 21:46:00', NULL, 'company37', 'job37', 'license37', NULL, 37),
	(38, '2021-02-23 21:46:00', NULL, 'company38', 'job38', 'license38', NULL, 38),
	(39, '2021-02-24 21:46:00', NULL, 'company39', 'job39', 'license39', NULL, 39),
	(40, '2021-02-25 21:46:00', NULL, 'company40', 'job40', 'license40', NULL, 40),
	(41, '2021-02-26 21:46:00', NULL, 'company41', 'job41', 'license41', NULL, 41),
	(42, '2021-02-27 21:46:00', NULL, 'company42', 'job42', 'license42', NULL, 42),
	(43, '2021-02-28 21:46:00', NULL, 'company43', 'job43', 'license43', NULL, 43),
	(44, '2021-03-01 21:46:00', NULL, 'company44', 'job44', 'license44', NULL, 44),
	(45, '2021-03-02 21:46:00', NULL, 'company45', 'job45', 'license45', NULL, 45),
	(46, '2021-03-03 21:46:00', NULL, 'company46', 'job46', 'license46', NULL, 46),
	(47, '2021-03-04 21:46:00', NULL, 'company47', 'job47', 'license47', NULL, 47),
	(48, '2021-03-05 21:46:00', NULL, 'company48', 'job48', 'license48', NULL, 48),
	(49, '2021-03-06 21:46:00', NULL, 'company49', 'job49', 'license49', NULL, 49),
	(50, '2021-03-07 21:46:00', NULL, 'company50', 'job50', 'license50', NULL, 50),
	(51, '2021-03-08 21:46:00', NULL, 'company51', 'job51', 'license51', NULL, 51),
	(52, '2021-03-09 21:46:00', NULL, 'company52', 'job52', 'license52', NULL, 52),
	(53, '2021-03-10 21:46:00', NULL, 'company53', 'job53', 'license53', NULL, 53),
	(54, '2021-03-11 21:46:00', NULL, 'company54', 'job54', 'license54', NULL, 54),
	(55, '2021-03-12 21:46:00', NULL, 'company55', 'job55', 'license55', NULL, 55),
	(56, '2021-03-13 21:46:00', NULL, 'company56', 'job56', 'license56', NULL, 56),
	(57, '2021-03-14 21:46:00', NULL, 'company57', 'job57', 'license57', NULL, 57),
	(58, '2021-03-15 21:46:00', NULL, 'company58', 'job58', 'license58', NULL, 58),
	(59, '2021-03-16 21:46:00', NULL, 'company59', 'job59', 'license59', NULL, 59),
	(60, '2021-03-17 21:46:00', NULL, 'company60', 'job60', 'license60', NULL, 60),
	(61, '2021-03-18 21:46:00', NULL, 'company61', 'job61', 'license61', NULL, 61),
	(62, '2021-03-19 21:46:00', NULL, 'company62', 'job62', 'license62', NULL, 62),
	(63, '2021-03-20 21:46:00', NULL, 'company63', 'job63', 'license63', NULL, 63),
	(64, '2021-03-21 21:46:00', NULL, 'company64', 'job64', 'license64', NULL, 64),
	(65, '2021-03-22 21:46:00', NULL, 'company65', 'job65', 'license65', NULL, 65),
	(66, '2021-03-23 21:46:00', NULL, 'company66', 'job66', 'license66', NULL, 66),
	(67, '2021-03-24 21:46:00', NULL, 'company67', 'job67', 'license67', NULL, 67),
	(68, '2021-03-25 21:46:00', NULL, 'company68', 'job68', 'license68', NULL, 68),
	(69, '2021-03-26 21:46:00', NULL, 'company69', 'job69', 'license69', NULL, 69),
	(70, '2021-03-27 21:46:00', NULL, 'company70', 'job70', 'license70', NULL, 70),
	(71, '2021-03-28 21:46:00', NULL, 'company71', 'job71', 'license71', NULL, 71),
	(72, '2021-03-29 21:46:00', NULL, 'company72', 'job72', 'license72', NULL, 72),
	(73, '2021-03-30 21:46:00', NULL, 'company73', 'job73', 'license73', NULL, 73),
	(74, '2021-03-31 21:46:00', NULL, 'company74', 'job74', 'license74', NULL, 74),
	(75, '2021-04-01 21:46:00', NULL, 'company75', 'job75', 'license75', NULL, 75),
	(76, '2021-04-02 21:46:00', NULL, 'company76', 'job76', 'license76', NULL, 76),
	(77, '2021-04-03 21:46:00', NULL, 'company77', 'job77', 'license77', NULL, 77),
	(78, '2021-04-04 21:46:00', NULL, 'company78', 'job78', 'license78', NULL, 78),
	(79, '2021-04-05 21:46:00', NULL, 'company79', 'job79', 'license79', NULL, 79),
	(80, '2021-04-06 21:46:00', NULL, 'company80', 'job80', 'license80', NULL, 80),
	(81, '2021-04-07 21:46:00', NULL, 'company81', 'job81', 'license81', NULL, 81),
	(82, '2021-04-08 21:46:00', NULL, 'company82', 'job82', 'license82', NULL, 82),
	(83, '2021-04-09 21:46:00', NULL, 'company83', 'job83', 'license83', NULL, 83),
	(84, '2021-04-10 21:46:00', NULL, 'company84', 'job84', 'license84', NULL, 84),
	(85, '2021-04-11 21:46:00', NULL, 'company85', 'job85', 'license85', NULL, 85),
	(86, '2021-04-12 21:46:00', NULL, 'company86', 'job86', 'license86', NULL, 86),
	(87, '2021-04-13 21:46:00', NULL, 'company87', 'job87', 'license87', NULL, 87),
	(88, '2021-04-14 21:46:00', NULL, 'company88', 'job88', 'license88', NULL, 88),
	(89, '2021-04-15 21:46:00', NULL, 'company89', 'job89', 'license89', NULL, 89),
	(90, '2021-04-16 21:46:00', NULL, 'company90', 'job90', 'license90', NULL, 90),
	(91, '2021-04-17 21:46:00', NULL, 'company91', 'job91', 'license91', NULL, 91),
	(92, '2021-04-18 21:46:00', NULL, 'company92', 'job92', 'license92', NULL, 92),
	(93, '2021-04-19 21:46:00', NULL, 'company93', 'job93', 'license93', NULL, 93),
	(94, '2021-04-20 21:46:00', NULL, 'company94', 'job94', 'license94', NULL, 94),
	(95, '2021-04-21 21:46:00', NULL, 'company95', 'job95', 'license95', NULL, 95),
	(96, '2021-04-22 21:46:00', NULL, 'company96', 'job96', 'license96', NULL, 96),
	(97, '2021-04-23 21:46:00', NULL, 'company97', 'job97', 'license97', NULL, 97),
	(98, '2021-04-24 21:46:00', NULL, 'company98', 'job98', 'license98', NULL, 98),
	(99, '2021-04-25 21:46:00', NULL, 'company99', 'job99', 'license99', NULL, 99),
	(100, '2021-04-26 21:46:00', NULL, 'company100', 'job100', 'license100', NULL, 100);
/*!40000 ALTER TABLE `career` ENABLE KEYS */;

-- 테이블 데이터 mentoridge.education:~0 rows (대략적) 내보내기
/*!40000 ALTER TABLE `education` DISABLE KEYS */;
INSERT INTO `education` (`education_id`, `created_at`, `updated_at`, `education_level`, `major`, `others`, `school_name`, `mentor_id`) VALUES
    (1, '2021-01-17 21:46:00', NULL, 'HIGH', 'major1', NULL, 'school1', 1),
    (2, '2021-01-18 21:46:00', NULL, 'HIGH', 'major2', NULL, 'school2', 2),
    (3, '2021-01-19 21:46:00', NULL, 'HIGH', 'major3', NULL, 'school3', 3),
    (4, '2021-01-20 21:46:00', NULL, 'HIGH', 'major4', NULL, 'school4', 4),
    (5, '2021-01-21 21:46:00', NULL, 'HIGH', 'major5', NULL, 'school5', 5),
    (6, '2021-01-22 21:46:00', NULL, 'HIGH', 'major6', NULL, 'school6', 6),
    (7, '2021-01-23 21:46:00', NULL, 'HIGH', 'major7', NULL, 'school7', 7),
    (8, '2021-01-24 21:46:00', NULL, 'HIGH', 'major8', NULL, 'school8', 8),
    (9, '2021-01-25 21:46:00', NULL, 'HIGH', 'major9', NULL, 'school9', 9),
    (10, '2021-01-26 21:46:00', NULL, 'HIGH', 'major10', NULL, 'school10', 10),
    (11, '2021-01-27 21:46:00', NULL, 'HIGH', 'major11', NULL, 'school11', 11),
    (12, '2021-01-28 21:46:00', NULL, 'HIGH', 'major12', NULL, 'school12', 12),
    (13, '2021-01-29 21:46:00', NULL, 'HIGH', 'major13', NULL, 'school13', 13),
    (14, '2021-01-30 21:46:00', NULL, 'HIGH', 'major14', NULL, 'school14', 14),
    (15, '2021-01-31 21:46:00', NULL, 'HIGH', 'major15', NULL, 'school15', 15),
    (16, '2021-02-01 21:46:00', NULL, 'HIGH', 'major16', NULL, 'school16', 16),
    (17, '2021-02-02 21:46:00', NULL, 'HIGH', 'major17', NULL, 'school17', 17),
    (18, '2021-02-03 21:46:00', NULL, 'HIGH', 'major18', NULL, 'school18', 18),
    (19, '2021-02-04 21:46:00', NULL, 'HIGH', 'major19', NULL, 'school19', 19),
    (20, '2021-02-05 21:46:00', NULL, 'HIGH', 'major20', NULL, 'school20', 20),
    (21, '2021-02-06 21:46:00', NULL, 'HIGH', 'major21', NULL, 'school21', 21),
    (22, '2021-02-07 21:46:00', NULL, 'HIGH', 'major22', NULL, 'school22', 22),
    (23, '2021-02-08 21:46:00', NULL, 'HIGH', 'major23', NULL, 'school23', 23),
    (24, '2021-02-09 21:46:00', NULL, 'HIGH', 'major24', NULL, 'school24', 24),
    (25, '2021-02-10 21:46:00', NULL, 'HIGH', 'major25', NULL, 'school25', 25),
    (26, '2021-02-11 21:46:00', NULL, 'HIGH', 'major26', NULL, 'school26', 26),
    (27, '2021-02-12 21:46:00', NULL, 'HIGH', 'major27', NULL, 'school27', 27),
    (28, '2021-02-13 21:46:00', NULL, 'HIGH', 'major28', NULL, 'school28', 28),
    (29, '2021-02-14 21:46:00', NULL, 'HIGH', 'major29', NULL, 'school29', 29),
    (30, '2021-02-15 21:46:00', NULL, 'HIGH', 'major30', NULL, 'school30', 30),
    (31, '2021-02-16 21:46:00', NULL, 'HIGH', 'major31', NULL, 'school31', 31),
    (32, '2021-02-17 21:46:00', NULL, 'HIGH', 'major32', NULL, 'school32', 32),
    (33, '2021-02-18 21:46:00', NULL, 'HIGH', 'major33', NULL, 'school33', 33),
    (34, '2021-02-19 21:46:00', NULL, 'HIGH', 'major34', NULL, 'school34', 34),
    (35, '2021-02-20 21:46:00', NULL, 'HIGH', 'major35', NULL, 'school35', 35),
    (36, '2021-02-21 21:46:00', NULL, 'HIGH', 'major36', NULL, 'school36', 36),
    (37, '2021-02-22 21:46:00', NULL, 'HIGH', 'major37', NULL, 'school37', 37),
    (38, '2021-02-23 21:46:00', NULL, 'HIGH', 'major38', NULL, 'school38', 38),
    (39, '2021-02-24 21:46:00', NULL, 'HIGH', 'major39', NULL, 'school39', 39),
    (40, '2021-02-25 21:46:00', NULL, 'HIGH', 'major40', NULL, 'school40', 40),
    (41, '2021-02-26 21:46:00', NULL, 'HIGH', 'major41', NULL, 'school41', 41),
    (42, '2021-02-27 21:46:00', NULL, 'HIGH', 'major42', NULL, 'school42', 42),
    (43, '2021-02-28 21:46:00', NULL, 'HIGH', 'major43', NULL, 'school43', 43),
    (44, '2021-03-01 21:46:00', NULL, 'HIGH', 'major44', NULL, 'school44', 44),
    (45, '2021-03-02 21:46:00', NULL, 'HIGH', 'major45', NULL, 'school45', 45),
    (46, '2021-03-03 21:46:00', NULL, 'HIGH', 'major46', NULL, 'school46', 46),
    (47, '2021-03-04 21:46:00', NULL, 'HIGH', 'major47', NULL, 'school47', 47),
    (48, '2021-03-05 21:46:00', NULL, 'HIGH', 'major48', NULL, 'school48', 48),
    (49, '2021-03-06 21:46:00', NULL, 'HIGH', 'major49', NULL, 'school49', 49),
    (50, '2021-03-07 21:46:00', NULL, 'HIGH', 'major50', NULL, 'school50', 50),
    (51, '2021-03-08 21:46:00', NULL, 'HIGH', 'major51', NULL, 'school51', 51),
    (52, '2021-03-09 21:46:00', NULL, 'UNIVERSITY', 'major52', NULL, 'school52', 52),
    (53, '2021-03-10 21:46:00', NULL, 'UNIVERSITY', 'major53', NULL, 'school53', 53),
    (54, '2021-03-11 21:46:00', NULL, 'UNIVERSITY', 'major54', NULL, 'school54', 54),
    (55, '2021-03-12 21:46:00', NULL, 'UNIVERSITY', 'major55', NULL, 'school55', 55),
    (56, '2021-03-13 21:46:00', NULL, 'UNIVERSITY', 'major56', NULL, 'school56', 56),
    (57, '2021-03-14 21:46:00', NULL, 'UNIVERSITY', 'major57', NULL, 'school57', 57),
    (58, '2021-03-15 21:46:00', NULL, 'UNIVERSITY', 'major58', NULL, 'school58', 58),
    (59, '2021-03-16 21:46:00', NULL, 'UNIVERSITY', 'major59', NULL, 'school59', 59),
    (60, '2021-03-17 21:46:00', NULL, 'UNIVERSITY', 'major60', NULL, 'school60', 60),
    (61, '2021-03-18 21:46:00', NULL, 'UNIVERSITY', 'major61', NULL, 'school61', 61),
    (62, '2021-03-19 21:46:00', NULL, 'UNIVERSITY', 'major62', NULL, 'school62', 62),
    (63, '2021-03-20 21:46:00', NULL, 'UNIVERSITY', 'major63', NULL, 'school63', 63),
    (64, '2021-03-21 21:46:00', NULL, 'UNIVERSITY', 'major64', NULL, 'school64', 64),
    (65, '2021-03-22 21:46:00', NULL, 'UNIVERSITY', 'major65', NULL, 'school65', 65),
    (66, '2021-03-23 21:46:00', NULL, 'UNIVERSITY', 'major66', NULL, 'school66', 66),
    (67, '2021-03-24 21:46:00', NULL, 'UNIVERSITY', 'major67', NULL, 'school67', 67),
    (68, '2021-03-25 21:46:00', NULL, 'UNIVERSITY', 'major68', NULL, 'school68', 68),
    (69, '2021-03-26 21:46:00', NULL, 'UNIVERSITY', 'major69', NULL, 'school69', 69),
    (70, '2021-03-27 21:46:00', NULL, 'UNIVERSITY', 'major70', NULL, 'school70', 70),
    (71, '2021-03-28 21:46:00', NULL, 'UNIVERSITY', 'major71', NULL, 'school71', 71),
    (72, '2021-03-29 21:46:00', NULL, 'UNIVERSITY', 'major72', NULL, 'school72', 72),
    (73, '2021-03-30 21:46:00', NULL, 'UNIVERSITY', 'major73', NULL, 'school73', 73),
    (74, '2021-03-31 21:46:00', NULL, 'UNIVERSITY', 'major74', NULL, 'school74', 74),
    (75, '2021-04-01 21:46:00', NULL, 'UNIVERSITY', 'major75', NULL, 'school75', 75),
    (76, '2021-04-02 21:46:00', NULL, 'UNIVERSITY', 'major76', NULL, 'school76', 76),
    (77, '2021-04-03 21:46:00', NULL, 'UNIVERSITY', 'major77', NULL, 'school77', 77),
    (78, '2021-04-04 21:46:00', NULL, 'UNIVERSITY', 'major78', NULL, 'school78', 78),
    (79, '2021-04-05 21:46:00', NULL, 'UNIVERSITY', 'major79', NULL, 'school79', 79),
    (80, '2021-04-06 21:46:00', NULL, 'UNIVERSITY', 'major80', NULL, 'school80', 80),
    (81, '2021-04-07 21:46:00', NULL, 'UNIVERSITY', 'major81', NULL, 'school81', 81),
    (82, '2021-04-08 21:46:00', NULL, 'UNIVERSITY', 'major82', NULL, 'school82', 82),
    (83, '2021-04-09 21:46:00', NULL, 'UNIVERSITY', 'major83', NULL, 'school83', 83),
    (84, '2021-04-10 21:46:00', NULL, 'UNIVERSITY', 'major84', NULL, 'school84', 84),
    (85, '2021-04-11 21:46:00', NULL, 'UNIVERSITY', 'major85', NULL, 'school85', 85),
    (86, '2021-04-12 21:46:00', NULL, 'UNIVERSITY', 'major86', NULL, 'school86', 86),
    (87, '2021-04-13 21:46:00', NULL, 'UNIVERSITY', 'major87', NULL, 'school87', 87),
    (88, '2021-04-14 21:46:00', NULL, 'UNIVERSITY', 'major88', NULL, 'school88', 88),
    (89, '2021-04-15 21:46:00', NULL, 'UNIVERSITY', 'major89', NULL, 'school89', 89),
    (90, '2021-04-16 21:46:00', NULL, 'UNIVERSITY', 'major90', NULL, 'school90', 90),
    (91, '2021-04-17 21:46:00', NULL, 'UNIVERSITY', 'major91', NULL, 'school91', 91),
    (92, '2021-04-18 21:46:00', NULL, 'UNIVERSITY', 'major92', NULL, 'school92', 92),
    (93, '2021-04-19 21:46:00', NULL, 'UNIVERSITY', 'major93', NULL, 'school93', 93),
    (94, '2021-04-20 21:46:00', NULL, 'UNIVERSITY', 'major94', NULL, 'school94', 94),
    (95, '2021-04-21 21:46:00', NULL, 'UNIVERSITY', 'major95', NULL, 'school95', 95),
    (96, '2021-04-22 21:46:00', NULL, 'UNIVERSITY', 'major96', NULL, 'school96', 96),
    (97, '2021-04-23 21:46:00', NULL, 'UNIVERSITY', 'major97', NULL, 'school97', 97),
    (98, '2021-04-24 21:46:00', NULL, 'UNIVERSITY', 'major98', NULL, 'school98', 98),
    (99, '2021-04-25 21:46:00', NULL, 'UNIVERSITY', 'major99', NULL, 'school99', 99),
    (100, '2021-04-26 21:46:00', NULL, 'UNIVERSITY', 'major100', NULL, 'school100', 100);
/*!40000 ALTER TABLE `education` ENABLE KEYS */;

-- 테이블 데이터 mentoridge.lecture:~0 rows (대략적) 내보내기
/*!40000 ALTER TABLE `lecture` DISABLE KEYS */;
INSERT INTO `lecture` (`lecture_id`, `created_at`, `updated_at`, `content`, `difficulty_type`, `introduce`, `sub_title`, `thumbnail`, `title`, `mentor_id`) VALUES
(1, '2021-01-17 21:46:00', NULL, '<p>content1</p>', 'BASIC', 'introduce1', 'sub1', 'https://mentoridge.s3.ap-northeast-2.amazonaws.com/user/21221d1a-25dc-4ff4-901b-d683abeb47d9', 'title1', 1),
(2, '2021-01-18 21:46:00', NULL, '<p>content2</p>', 'BASIC', 'introduce2', 'sub2', 'https://mentoridge.s3.ap-northeast-2.amazonaws.com/user/21221d1a-25dc-4ff4-901b-d683abeb47d9', 'title2', 2),
(3, '2021-01-19 21:46:00', NULL, '<p>content3</p>', 'BASIC', 'introduce3', 'sub3', 'https://mentoridge.s3.ap-northeast-2.amazonaws.com/user/21221d1a-25dc-4ff4-901b-d683abeb47d9', 'title3', 3),
(4, '2021-01-20 21:46:00', NULL, '<p>content4</p>', 'BASIC', 'introduce4', 'sub4', 'https://mentoridge.s3.ap-northeast-2.amazonaws.com/user/21221d1a-25dc-4ff4-901b-d683abeb47d9', 'title4', 4),
(5, '2021-01-21 21:46:00', NULL, '<p>content5</p>', 'BASIC', 'introduce5', 'sub5', 'https://mentoridge.s3.ap-northeast-2.amazonaws.com/user/21221d1a-25dc-4ff4-901b-d683abeb47d9', 'title5', 5),
(6, '2021-01-22 21:46:00', NULL, '<p>content6</p>', 'BASIC', 'introduce6', 'sub6', 'https://mentoridge.s3.ap-northeast-2.amazonaws.com/user/21221d1a-25dc-4ff4-901b-d683abeb47d9', 'title6', 6),
(7, '2021-01-23 21:46:00', NULL, '<p>content7</p>', 'BASIC', 'introduce7', 'sub7', 'https://mentoridge.s3.ap-northeast-2.amazonaws.com/user/21221d1a-25dc-4ff4-901b-d683abeb47d9', 'title7', 7),
(8, '2021-01-24 21:46:00', NULL, '<p>content8</p>', 'BASIC', 'introduce8', 'sub8', 'https://mentoridge.s3.ap-northeast-2.amazonaws.com/user/21221d1a-25dc-4ff4-901b-d683abeb47d9', 'title8', 8),
(9, '2021-01-25 21:46:00', NULL, '<p>content9</p>', 'BASIC', 'introduce9', 'sub9', 'https://mentoridge.s3.ap-northeast-2.amazonaws.com/user/21221d1a-25dc-4ff4-901b-d683abeb47d9', 'title9', 9),
(10, '2021-01-26 21:46:00', NULL, '<p>content10</p>', 'BASIC', 'introduce10', 'sub10', 'https://mentoridge.s3.ap-northeast-2.amazonaws.com/user/21221d1a-25dc-4ff4-901b-d683abeb47d9', 'title10', 10),
(11, '2021-01-27 21:46:00', NULL, '<p>content11</p>', 'INTERMEDIATE', 'introduce11', 'sub11', 'https://mentoridge.s3.ap-northeast-2.amazonaws.com/user/21221d1a-25dc-4ff4-901b-d683abeb47d9', 'title11', 1),
(12, '2021-01-28 21:46:00', NULL, '<p>content12</p>', 'INTERMEDIATE', 'introduce12', 'sub12', 'https://mentoridge.s3.ap-northeast-2.amazonaws.com/user/21221d1a-25dc-4ff4-901b-d683abeb47d9', 'title12', 2),
(13, '2021-01-29 21:46:00', NULL, '<p>content13</p>', 'INTERMEDIATE', 'introduce13', 'sub13', 'https://mentoridge.s3.ap-northeast-2.amazonaws.com/user/21221d1a-25dc-4ff4-901b-d683abeb47d9', 'title13', 3),
(14, '2021-01-30 21:46:00', NULL, '<p>content14</p>', 'INTERMEDIATE', 'introduce14', 'sub14', 'https://mentoridge.s3.ap-northeast-2.amazonaws.com/user/21221d1a-25dc-4ff4-901b-d683abeb47d9', 'title14', 4),
(15, '2021-01-31 21:46:00', NULL, '<p>content15</p>', 'INTERMEDIATE', 'introduce15', 'sub15', 'https://mentoridge.s3.ap-northeast-2.amazonaws.com/user/21221d1a-25dc-4ff4-901b-d683abeb47d9', 'title15', 5),
(16, '2021-02-01 21:46:00', NULL, '<p>content16</p>', 'INTERMEDIATE', 'introduce16', 'sub16', 'https://mentoridge.s3.ap-northeast-2.amazonaws.com/user/21221d1a-25dc-4ff4-901b-d683abeb47d9', 'title16', 6),
(17, '2021-02-02 21:46:00', NULL, '<p>content17</p>', 'INTERMEDIATE', 'introduce17', 'sub17', 'https://mentoridge.s3.ap-northeast-2.amazonaws.com/user/21221d1a-25dc-4ff4-901b-d683abeb47d9', 'title17', 7),
(18, '2021-02-03 21:46:00', NULL, '<p>content18</p>', 'INTERMEDIATE', 'introduce18', 'sub18', 'https://mentoridge.s3.ap-northeast-2.amazonaws.com/user/21221d1a-25dc-4ff4-901b-d683abeb47d9', 'title18', 8),
(19, '2021-02-04 21:46:00', NULL, '<p>content19</p>', 'INTERMEDIATE', 'introduce19', 'sub19', 'https://mentoridge.s3.ap-northeast-2.amazonaws.com/user/21221d1a-25dc-4ff4-901b-d683abeb47d9', 'title19', 9),
(20, '2021-02-05 21:46:00', NULL, '<p>content20</p>', 'INTERMEDIATE', 'introduce20', 'sub20', 'https://mentoridge.s3.ap-northeast-2.amazonaws.com/user/21221d1a-25dc-4ff4-901b-d683abeb47d9', 'title20', 10),
(21, '2021-02-06 21:46:00', NULL, '<p>content21</p>', 'BASIC', 'introduce21', 'sub21', 'https://mentoridge.s3.ap-northeast-2.amazonaws.com/user/21221d1a-25dc-4ff4-901b-d683abeb47d9', 'title21', 21),
(22, '2021-02-07 21:46:00', NULL, '<p>content22</p>', 'BASIC', 'introduce22', 'sub22', 'https://mentoridge.s3.ap-northeast-2.amazonaws.com/user/21221d1a-25dc-4ff4-901b-d683abeb47d9', 'title22', 22),
(23, '2021-02-08 21:46:00', NULL, '<p>content23</p>', 'BASIC', 'introduce23', 'sub23', 'https://mentoridge.s3.ap-northeast-2.amazonaws.com/user/21221d1a-25dc-4ff4-901b-d683abeb47d9', 'title23', 23),
(24, '2021-02-09 21:46:00', NULL, '<p>content24</p>', 'BASIC', 'introduce24', 'sub24', 'https://mentoridge.s3.ap-northeast-2.amazonaws.com/user/21221d1a-25dc-4ff4-901b-d683abeb47d9', 'title24', 24),
(25, '2021-02-10 21:46:00', NULL, '<p>content25</p>', 'BASIC', 'introduce25', 'sub25', 'https://mentoridge.s3.ap-northeast-2.amazonaws.com/user/21221d1a-25dc-4ff4-901b-d683abeb47d9', 'title25', 25),
(26, '2021-02-11 21:46:00', NULL, '<p>content26</p>', 'BASIC', 'introduce26', 'sub26', 'https://mentoridge.s3.ap-northeast-2.amazonaws.com/user/21221d1a-25dc-4ff4-901b-d683abeb47d9', 'title26', 26),
(27, '2021-02-12 21:46:00', NULL, '<p>content27</p>', 'BASIC', 'introduce27', 'sub27', 'https://mentoridge.s3.ap-northeast-2.amazonaws.com/user/21221d1a-25dc-4ff4-901b-d683abeb47d9', 'title27', 27),
(28, '2021-02-13 21:46:00', NULL, '<p>content28</p>', 'BASIC', 'introduce28', 'sub28', 'https://mentoridge.s3.ap-northeast-2.amazonaws.com/user/21221d1a-25dc-4ff4-901b-d683abeb47d9', 'title28', 28),
(29, '2021-02-14 21:46:00', NULL, '<p>content29</p>', 'BASIC', 'introduce29', 'sub29', 'https://mentoridge.s3.ap-northeast-2.amazonaws.com/user/21221d1a-25dc-4ff4-901b-d683abeb47d9', 'title29', 29),
(30, '2021-02-15 21:46:00', NULL, '<p>content30</p>', 'BASIC', 'introduce30', 'sub30', 'https://mentoridge.s3.ap-northeast-2.amazonaws.com/user/21221d1a-25dc-4ff4-901b-d683abeb47d9', 'title30', 30),
(31, '2021-02-16 21:46:00', NULL, '<p>content31</p>', 'ADVANCED', 'introduce31', 'sub31', 'https://mentoridge.s3.ap-northeast-2.amazonaws.com/user/21221d1a-25dc-4ff4-901b-d683abeb47d9', 'title31', 31),
(32, '2021-02-17 21:46:00', NULL, '<p>content32</p>', 'ADVANCED', 'introduce32', 'sub32', 'https://mentoridge.s3.ap-northeast-2.amazonaws.com/user/21221d1a-25dc-4ff4-901b-d683abeb47d9', 'title32', 32),
(33, '2021-02-18 21:46:00', NULL, '<p>content33</p>', 'ADVANCED', 'introduce33', 'sub33', 'https://mentoridge.s3.ap-northeast-2.amazonaws.com/user/21221d1a-25dc-4ff4-901b-d683abeb47d9', 'title33', 33),
(34, '2021-02-19 21:46:00', NULL, '<p>content34</p>', 'ADVANCED', 'introduce34', 'sub34', 'https://mentoridge.s3.ap-northeast-2.amazonaws.com/user/21221d1a-25dc-4ff4-901b-d683abeb47d9', 'title34', 34),
(35, '2021-02-20 21:46:00', NULL, '<p>content35</p>', 'ADVANCED', 'introduce35', 'sub35', 'https://mentoridge.s3.ap-northeast-2.amazonaws.com/user/21221d1a-25dc-4ff4-901b-d683abeb47d9', 'title35', 35),
(36, '2021-02-21 21:46:00', NULL, '<p>content36</p>', 'ADVANCED', 'introduce36', 'sub36', 'https://mentoridge.s3.ap-northeast-2.amazonaws.com/user/21221d1a-25dc-4ff4-901b-d683abeb47d9', 'title36', 36),
(37, '2021-02-22 21:46:00', NULL, '<p>content37</p>', 'ADVANCED', 'introduce37', 'sub37', 'https://mentoridge.s3.ap-northeast-2.amazonaws.com/user/21221d1a-25dc-4ff4-901b-d683abeb47d9', 'title37', 37),
(38, '2021-02-23 21:46:00', NULL, '<p>content38</p>', 'ADVANCED', 'introduce38', 'sub38', 'https://mentoridge.s3.ap-northeast-2.amazonaws.com/user/21221d1a-25dc-4ff4-901b-d683abeb47d9', 'title38', 38),
(39, '2021-02-24 21:46:00', NULL, '<p>content39</p>', 'ADVANCED', 'introduce39', 'sub39', 'https://mentoridge.s3.ap-northeast-2.amazonaws.com/user/21221d1a-25dc-4ff4-901b-d683abeb47d9', 'title39', 39),
(40, '2021-02-25 21:46:00', NULL, '<p>content40</p>', 'BEGINNER', 'introduce40', 'sub40', 'https://mentoridge.s3.ap-northeast-2.amazonaws.com/user/21221d1a-25dc-4ff4-901b-d683abeb47d9', 'title40', 40),
(41, '2021-02-26 21:46:00', NULL, '<p>content41</p>', 'BEGINNER', 'introduce41', 'sub41', 'https://mentoridge.s3.ap-northeast-2.amazonaws.com/user/21221d1a-25dc-4ff4-901b-d683abeb47d9', 'title41', 41),
(42, '2021-02-27 21:46:00', NULL, '<p>content42</p>', 'BEGINNER', 'introduce42', 'sub42', 'https://mentoridge.s3.ap-northeast-2.amazonaws.com/user/21221d1a-25dc-4ff4-901b-d683abeb47d9', 'title42', 42),
(43, '2021-02-28 21:46:00', NULL, '<p>content43</p>', 'BEGINNER', 'introduce43', 'sub43', 'https://mentoridge.s3.ap-northeast-2.amazonaws.com/user/21221d1a-25dc-4ff4-901b-d683abeb47d9', 'title43', 43),
(44, '2021-03-01 21:46:00', NULL, '<p>content44</p>', 'BEGINNER', 'introduce44', 'sub44', 'https://mentoridge.s3.ap-northeast-2.amazonaws.com/user/21221d1a-25dc-4ff4-901b-d683abeb47d9', 'title44', 44),
(45, '2021-03-02 21:46:00', NULL, '<p>content45</p>', 'BEGINNER', 'introduce45', 'sub45', 'https://mentoridge.s3.ap-northeast-2.amazonaws.com/user/21221d1a-25dc-4ff4-901b-d683abeb47d9', 'title45', 45),
(46, '2021-03-03 21:46:00', NULL, '<p>content46</p>', 'BEGINNER', 'introduce46', 'sub46', 'https://mentoridge.s3.ap-northeast-2.amazonaws.com/user/21221d1a-25dc-4ff4-901b-d683abeb47d9', 'title46', 46),
(47, '2021-03-04 21:46:00', NULL, '<p>content47</p>', 'BEGINNER', 'introduce47', 'sub47', 'https://mentoridge.s3.ap-northeast-2.amazonaws.com/user/21221d1a-25dc-4ff4-901b-d683abeb47d9', 'title47', 47),
(48, '2021-03-05 21:46:00', NULL, '<p>content48</p>', 'BEGINNER', 'introduce48', 'sub48', 'https://mentoridge.s3.ap-northeast-2.amazonaws.com/user/21221d1a-25dc-4ff4-901b-d683abeb47d9', 'title48', 48),
(49, '2021-03-06 21:46:00', NULL, '<p>content49</p>', 'BEGINNER', 'introduce49', 'sub49', 'https://mentoridge.s3.ap-northeast-2.amazonaws.com/user/21221d1a-25dc-4ff4-901b-d683abeb47d9', 'title49', 49),
(50, '2021-03-07 21:46:00', NULL, '<p>content50</p>', 'ADVANCED', 'introduce50', 'sub50', 'https://mentoridge.s3.ap-northeast-2.amazonaws.com/user/21221d1a-25dc-4ff4-901b-d683abeb47d9', 'title50', 40),
(51, '2021-03-08 21:46:00', NULL, '<p>content51</p>', 'ADVANCED', 'introduce51', 'sub51', 'https://mentoridge.s3.ap-northeast-2.amazonaws.com/user/21221d1a-25dc-4ff4-901b-d683abeb47d9', 'title51', 41),
(52, '2021-03-09 21:46:00', NULL, '<p>content52</p>', 'ADVANCED', 'introduce52', 'sub52', 'https://mentoridge.s3.ap-northeast-2.amazonaws.com/user/21221d1a-25dc-4ff4-901b-d683abeb47d9', 'title52', 42),
(53, '2021-03-10 21:46:00', NULL, '<p>content53</p>', 'ADVANCED', 'introduce53', 'sub53', 'https://mentoridge.s3.ap-northeast-2.amazonaws.com/user/21221d1a-25dc-4ff4-901b-d683abeb47d9', 'title53', 43),
(54, '2021-03-11 21:46:00', NULL, '<p>content54</p>', 'ADVANCED', 'introduce54', 'sub54', 'https://mentoridge.s3.ap-northeast-2.amazonaws.com/user/21221d1a-25dc-4ff4-901b-d683abeb47d9', 'title54', 44),
(55, '2021-03-12 21:46:00', NULL, '<p>content55</p>', 'ADVANCED', 'introduce55', 'sub55', 'https://mentoridge.s3.ap-northeast-2.amazonaws.com/user/21221d1a-25dc-4ff4-901b-d683abeb47d9', 'title55', 45),
(56, '2021-03-13 21:46:00', NULL, '<p>content56</p>', 'ADVANCED', 'introduce56', 'sub56', 'https://mentoridge.s3.ap-northeast-2.amazonaws.com/user/21221d1a-25dc-4ff4-901b-d683abeb47d9', 'title56', 46),
(57, '2021-03-14 21:46:00', NULL, '<p>content57</p>', 'ADVANCED', 'introduce57', 'sub57', 'https://mentoridge.s3.ap-northeast-2.amazonaws.com/user/21221d1a-25dc-4ff4-901b-d683abeb47d9', 'title57', 47),
(58, '2021-03-15 21:46:00', NULL, '<p>content58</p>', 'ADVANCED', 'introduce58', 'sub58', 'https://mentoridge.s3.ap-northeast-2.amazonaws.com/user/21221d1a-25dc-4ff4-901b-d683abeb47d9', 'title58', 48),
(59, '2021-03-16 21:46:00', NULL, '<p>content59</p>', 'ADVANCED', 'introduce59', 'sub59', 'https://mentoridge.s3.ap-northeast-2.amazonaws.com/user/21221d1a-25dc-4ff4-901b-d683abeb47d9', 'title59', 49),
(60, '2021-03-17 21:46:00', NULL, '<p>content60</p>', 'BASIC', 'introduce60', 'sub60', 'https://mentoridge.s3.ap-northeast-2.amazonaws.com/user/21221d1a-25dc-4ff4-901b-d683abeb47d9', 'title60', 60),
(61, '2021-03-18 21:46:00', NULL, '<p>content61</p>', 'BASIC', 'introduce61', 'sub61', 'https://mentoridge.s3.ap-northeast-2.amazonaws.com/user/21221d1a-25dc-4ff4-901b-d683abeb47d9', 'title61', 61),
(62, '2021-03-19 21:46:00', NULL, '<p>content62</p>', 'BASIC', 'introduce62', 'sub62', 'https://mentoridge.s3.ap-northeast-2.amazonaws.com/user/21221d1a-25dc-4ff4-901b-d683abeb47d9', 'title62', 62),
(63, '2021-03-20 21:46:00', NULL, '<p>content63</p>', 'BASIC', 'introduce63', 'sub63', 'https://mentoridge.s3.ap-northeast-2.amazonaws.com/user/21221d1a-25dc-4ff4-901b-d683abeb47d9', 'title63', 63),
(64, '2021-03-21 21:46:00', NULL, '<p>content64</p>', 'BASIC', 'introduce64', 'sub64', 'https://mentoridge.s3.ap-northeast-2.amazonaws.com/user/21221d1a-25dc-4ff4-901b-d683abeb47d9', 'title64', 64),
(65, '2021-03-22 21:46:00', NULL, '<p>content65</p>', 'BASIC', 'introduce65', 'sub65', 'https://mentoridge.s3.ap-northeast-2.amazonaws.com/user/21221d1a-25dc-4ff4-901b-d683abeb47d9', 'title65', 45),
(66, '2021-03-23 21:46:00', NULL, '<p>content66</p>', 'BASIC', 'introduce66', 'sub66', 'https://mentoridge.s3.ap-northeast-2.amazonaws.com/user/21221d1a-25dc-4ff4-901b-d683abeb47d9', 'title66', 46),
(67, '2021-03-24 21:46:00', NULL, '<p>content67</p>', 'BASIC', 'introduce67', 'sub67', 'https://mentoridge.s3.ap-northeast-2.amazonaws.com/user/21221d1a-25dc-4ff4-901b-d683abeb47d9', 'title67', 47),
(68, '2021-03-25 21:46:00', NULL, '<p>content68</p>', 'BASIC', 'introduce68', 'sub68', 'https://mentoridge.s3.ap-northeast-2.amazonaws.com/user/21221d1a-25dc-4ff4-901b-d683abeb47d9', 'title68', 48),
(69, '2021-03-26 21:46:00', NULL, '<p>content69</p>', 'BASIC', 'introduce69', 'sub69', 'https://mentoridge.s3.ap-northeast-2.amazonaws.com/user/21221d1a-25dc-4ff4-901b-d683abeb47d9', 'title69', 49),
(70, '2021-03-27 21:46:00', NULL, '<p>content70</p>', 'BEGINNER', 'introduce70', 'sub70', 'https://mentoridge.s3.ap-northeast-2.amazonaws.com/user/21221d1a-25dc-4ff4-901b-d683abeb47d9', 'title70', 70),
(71, '2021-03-28 21:46:00', NULL, '<p>content71</p>', 'BEGINNER', 'introduce71', 'sub71', 'https://mentoridge.s3.ap-northeast-2.amazonaws.com/user/21221d1a-25dc-4ff4-901b-d683abeb47d9', 'title71', 71),
(72, '2021-03-29 21:46:00', NULL, '<p>content72</p>', 'BEGINNER', 'introduce72', 'sub72', 'https://mentoridge.s3.ap-northeast-2.amazonaws.com/user/21221d1a-25dc-4ff4-901b-d683abeb47d9', 'title72', 72),
(73, '2021-03-30 21:46:00', NULL, '<p>content73</p>', 'BEGINNER', 'introduce73', 'sub73', 'https://mentoridge.s3.ap-northeast-2.amazonaws.com/user/21221d1a-25dc-4ff4-901b-d683abeb47d9', 'title73', 73),
(74, '2021-03-31 21:46:00', NULL, '<p>content74</p>', 'BEGINNER', 'introduce74', 'sub74', 'https://mentoridge.s3.ap-northeast-2.amazonaws.com/user/21221d1a-25dc-4ff4-901b-d683abeb47d9', 'title74', 74),
(75, '2021-04-01 21:46:00', NULL, '<p>content75</p>', 'BEGINNER', 'introduce75', 'sub75', 'https://mentoridge.s3.ap-northeast-2.amazonaws.com/user/21221d1a-25dc-4ff4-901b-d683abeb47d9', 'title75', 75),
(76, '2021-04-02 21:46:00', NULL, '<p>content76</p>', 'BEGINNER', 'introduce76', 'sub76', 'https://mentoridge.s3.ap-northeast-2.amazonaws.com/user/21221d1a-25dc-4ff4-901b-d683abeb47d9', 'title76', 76),
(77, '2021-04-03 21:46:00', NULL, '<p>content77</p>', 'BEGINNER', 'introduce77', 'sub77', 'https://mentoridge.s3.ap-northeast-2.amazonaws.com/user/21221d1a-25dc-4ff4-901b-d683abeb47d9', 'title77', 77),
(78, '2021-04-04 21:46:00', NULL, '<p>content78</p>', 'BEGINNER', 'introduce78', 'sub78', 'https://mentoridge.s3.ap-northeast-2.amazonaws.com/user/21221d1a-25dc-4ff4-901b-d683abeb47d9', 'title78', 78),
(79, '2021-04-05 21:46:00', NULL, '<p>content79</p>', 'BEGINNER', 'introduce79', 'sub79', 'https://mentoridge.s3.ap-northeast-2.amazonaws.com/user/21221d1a-25dc-4ff4-901b-d683abeb47d9', 'title79', 79),
(80, '2021-04-06 21:46:00', NULL, '<p>content80</p>', 'INTERMEDIATE', 'introduce80', 'sub80', 'https://mentoridge.s3.ap-northeast-2.amazonaws.com/user/21221d1a-25dc-4ff4-901b-d683abeb47d9', 'title80', 80),
(81, '2021-04-07 21:46:00', NULL, '<p>content81</p>', 'INTERMEDIATE', 'introduce81', 'sub81', 'https://mentoridge.s3.ap-northeast-2.amazonaws.com/user/21221d1a-25dc-4ff4-901b-d683abeb47d9', 'title81', 81),
(82, '2021-04-08 21:46:00', NULL, '<p>content82</p>', 'INTERMEDIATE', 'introduce82', 'sub82', 'https://mentoridge.s3.ap-northeast-2.amazonaws.com/user/21221d1a-25dc-4ff4-901b-d683abeb47d9', 'title82', 82),
(83, '2021-04-09 21:46:00', NULL, '<p>content83</p>', 'INTERMEDIATE', 'introduce83', 'sub83', 'https://mentoridge.s3.ap-northeast-2.amazonaws.com/user/21221d1a-25dc-4ff4-901b-d683abeb47d9', 'title83', 83),
(84, '2021-04-10 21:46:00', NULL, '<p>content84</p>', 'INTERMEDIATE', 'introduce84', 'sub84', 'https://mentoridge.s3.ap-northeast-2.amazonaws.com/user/21221d1a-25dc-4ff4-901b-d683abeb47d9', 'title84', 80),
(85, '2021-04-11 21:46:00', NULL, '<p>content85</p>', 'INTERMEDIATE', 'introduce85', 'sub85', 'https://mentoridge.s3.ap-northeast-2.amazonaws.com/user/21221d1a-25dc-4ff4-901b-d683abeb47d9', 'title85', 81),
(86, '2021-04-12 21:46:00', NULL, '<p>content86</p>', 'INTERMEDIATE', 'introduce86', 'sub86', 'https://mentoridge.s3.ap-northeast-2.amazonaws.com/user/21221d1a-25dc-4ff4-901b-d683abeb47d9', 'title86', 82),
(87, '2021-04-13 21:46:00', NULL, '<p>content87</p>', 'INTERMEDIATE', 'introduce87', 'sub87', 'https://mentoridge.s3.ap-northeast-2.amazonaws.com/user/21221d1a-25dc-4ff4-901b-d683abeb47d9', 'title87', 83),
(88, '2021-04-14 21:46:00', NULL, '<p>content88</p>', 'INTERMEDIATE', 'introduce88', 'sub88', 'https://mentoridge.s3.ap-northeast-2.amazonaws.com/user/21221d1a-25dc-4ff4-901b-d683abeb47d9', 'title88', 80),
(89, '2021-04-15 21:46:00', NULL, '<p>content89</p>', 'INTERMEDIATE', 'introduce89', 'sub89', 'https://mentoridge.s3.ap-northeast-2.amazonaws.com/user/21221d1a-25dc-4ff4-901b-d683abeb47d9', 'title89', 81),
(90, '2021-04-16 21:46:00', NULL, '<p>content90</p>', 'ADVANCED', 'introduce90', 'sub90', 'https://mentoridge.s3.ap-northeast-2.amazonaws.com/user/21221d1a-25dc-4ff4-901b-d683abeb47d9', 'title90', 82),
(91, '2021-04-17 21:46:00', NULL, '<p>content91</p>', 'ADVANCED', 'introduce91', 'sub91', 'https://mentoridge.s3.ap-northeast-2.amazonaws.com/user/21221d1a-25dc-4ff4-901b-d683abeb47d9', 'title91', 83),
(92, '2021-04-18 21:46:00', NULL, '<p>content92</p>', 'ADVANCED', 'introduce92', 'sub92', 'https://mentoridge.s3.ap-northeast-2.amazonaws.com/user/21221d1a-25dc-4ff4-901b-d683abeb47d9', 'title92', 80),
(93, '2021-04-19 21:46:00', NULL, '<p>content93</p>', 'ADVANCED', 'introduce93', 'sub93', 'https://mentoridge.s3.ap-northeast-2.amazonaws.com/user/21221d1a-25dc-4ff4-901b-d683abeb47d9', 'title93', 81),
(94, '2021-04-20 21:46:00', NULL, '<p>content94</p>', 'ADVANCED', 'introduce94', 'sub94', 'https://mentoridge.s3.ap-northeast-2.amazonaws.com/user/21221d1a-25dc-4ff4-901b-d683abeb47d9', 'title94', 82),
(95, '2021-04-21 21:46:00', NULL, '<p>content95</p>', 'ADVANCED', 'introduce95', 'sub95', 'https://mentoridge.s3.ap-northeast-2.amazonaws.com/user/21221d1a-25dc-4ff4-901b-d683abeb47d9', 'title95', 83),
(96, '2021-04-22 21:46:00', NULL, '<p>content96</p>', 'ADVANCED', 'introduce96', 'sub96', 'https://mentoridge.s3.ap-northeast-2.amazonaws.com/user/21221d1a-25dc-4ff4-901b-d683abeb47d9', 'title96', 96),
(97, '2021-04-23 21:46:00', NULL, '<p>content97</p>', 'ADVANCED', 'introduce97', 'sub97', 'https://mentoridge.s3.ap-northeast-2.amazonaws.com/user/21221d1a-25dc-4ff4-901b-d683abeb47d9', 'title97', 97),
(98, '2021-04-24 21:46:00', NULL, '<p>content98</p>', 'ADVANCED', 'introduce98', 'sub98', 'https://mentoridge.s3.ap-northeast-2.amazonaws.com/user/21221d1a-25dc-4ff4-901b-d683abeb47d9', 'title98', 98),
(99, '2021-04-25 21:46:00', NULL, '<p>content99</p>', 'ADVANCED', 'introduce99', 'sub99', 'https://mentoridge.s3.ap-northeast-2.amazonaws.com/user/21221d1a-25dc-4ff4-901b-d683abeb47d9', 'title99', 99),
(100, '2021-04-26 21:46:00', NULL, '<p>content100</p>', 'ADVANCED', 'introduce100', 'sub100', 'https://mentoridge.s3.ap-northeast-2.amazonaws.com/user/21221d1a-25dc-4ff4-901b-d683abeb47d9', 'title100', 100);
/*!40000 ALTER TABLE `lecture` ENABLE KEYS */;

-- 테이블 데이터 mentoridge.lecture_price:~0 rows (대략적) 내보내기
/*!40000 ALTER TABLE `lecture_price` DISABLE KEYS */;
INSERT INTO `lecture_price` (`lecture_price_id`, `created_at`, `updated_at`, `group_number`, `is_group`, `pertime_cost`, `pertime_lecture`, `total_cost`, `total_time`, `lecture_id`) VALUES
	(1, '2021-01-17 21:46:00', NULL, 0, 0, 1000, 10, 1000, 1, 1),
	(2, '2021-01-18 21:46:00', NULL, 0, 0, 2000, 10, 4000, 2, 2),
	(3, '2021-01-19 21:46:00', NULL, 0, 0, 3000, 10, 9000, 3, 3),
	(4, '2021-01-20 21:46:00', NULL, 0, 0, 4000, 10, 16000, 4, 4),
	(5, '2021-01-20 21:46:00', NULL, 5, 1, 4000, 10, 16000, 4, 4),
	(6, '2021-01-21 21:46:00', NULL, 0, 0, 5000, 10, 25000, 5, 5),
	(7, '2021-01-22 21:46:00', NULL, 0, 0, 6000, 10, 36000, 6, 6),
	(8, '2021-01-23 21:46:00', NULL, 0, 0, 7000, 10, 49000, 7, 7),
	(9, '2021-01-24 21:46:00', NULL, 0, 0, 8000, 10, 64000, 8, 8),
	(10, '2021-01-24 21:46:00', NULL, 10, 1, 8000, 10, 64000, 8, 8),
	(11, '2021-01-25 21:46:00', NULL, 0, 0, 9000, 10, 81000, 9, 9),
	(12, '2021-01-26 21:46:00', NULL, 0, 0, 10000, 10, 100000, 10, 10),
	(13, '2021-01-27 21:46:00', NULL, 0, 0, 1000, 10, 11000, 11, 11),
	(14, '2021-01-28 21:46:00', NULL, 0, 0, 2000, 10, 24000, 12, 12),
	(15, '2021-01-29 21:46:00', NULL, 0, 0, 3000, 10, 39000, 13, 13),
	(16, '2021-01-30 21:46:00', NULL, 0, 0, 4000, 10, 56000, 14, 14),
	(17, '2021-01-31 21:46:00', NULL, 0, 0, 5000, 10, 75000, 15, 15),
	(18, '2021-02-01 21:46:00', NULL, 0, 0, 6000, 10, 96000, 16, 16),
	(19, '2021-02-01 21:46:00', NULL, 15, 1, 6000, 10, 96000, 16, 16),
	(20, '2021-02-02 21:46:00', NULL, 0, 0, 7000, 10, 119000, 17, 17),
	(21, '2021-02-03 21:46:00', NULL, 0, 0, 8000, 10, 144000, 18, 18),
	(22, '2021-02-04 21:46:00', NULL, 0, 0, 9000, 10, 171000, 19, 19),
	(23, '2021-02-05 21:46:00', NULL, 0, 0, 10000, 10, 200000, 20, 20),
	(24, '2021-02-06 21:46:00', NULL, 0, 0, 1000, 10, 21000, 21, 21),
	(25, '2021-02-07 21:46:00', NULL, 0, 0, 2000, 10, 44000, 22, 22),
	(26, '2021-02-08 21:46:00', NULL, 0, 0, 3000, 10, 69000, 23, 23),
	(27, '2021-02-09 21:46:00', NULL, 0, 0, 4000, 10, 96000, 24, 24),
	(28, '2021-02-09 21:46:00', NULL, 5, 1, 4000, 10, 96000, 24, 24),
	(29, '2021-02-09 21:46:00', NULL, 10, 1, 4000, 10, 96000, 24, 24),
	(30, '2021-02-10 21:46:00', NULL, 0, 0, 5000, 10, 125000, 25, 25),
	(31, '2021-02-11 21:46:00', NULL, 0, 0, 6000, 10, 156000, 26, 26),
	(32, '2021-02-12 21:46:00', NULL, 0, 0, 7000, 10, 189000, 27, 27),
	(33, '2021-02-13 21:46:00', NULL, 0, 0, 8000, 10, 224000, 28, 28),
	(34, '2021-02-13 21:46:00', NULL, 9, 1, 8000, 10, 224000, 28, 28),
	(35, '2021-02-13 21:46:00', NULL, 8, 1, 8000, 10, 224000, 28, 28),
	(36, '2021-02-13 21:46:00', NULL, 7, 1, 8000, 10, 224000, 28, 28),
	(37, '2021-02-13 21:46:00', NULL, 6, 1, 8000, 10, 224000, 28, 28),
	(38, '2021-02-14 21:46:00', NULL, 0, 0, 9000, 10, 261000, 29, 29),
	(39, '2021-02-15 21:46:00', NULL, 0, 0, 10000, 10, 300000, 30, 30),
	(40, '2021-02-16 21:46:00', NULL, 0, 0, 1000, 10, 31000, 31, 31),
	(41, '2021-02-17 21:46:00', NULL, 0, 0, 2000, 10, 64000, 32, 32),
	(42, '2021-02-18 21:46:00', NULL, 0, 0, 3000, 10, 99000, 33, 33),
	(43, '2021-02-19 21:46:00', NULL, 0, 0, 4000, 10, 136000, 34, 34),
	(44, '2021-02-20 21:46:00', NULL, 0, 0, 5000, 10, 175000, 35, 35),
	(45, '2021-02-21 21:46:00', NULL, 0, 0, 6000, 10, 216000, 36, 36),
	(46, '2021-02-22 21:46:00', NULL, 0, 0, 7000, 10, 259000, 37, 37),
	(47, '2021-02-22 21:46:00', NULL, 5, 1, 7000, 10, 259000, 37, 37),
	(48, '2021-02-22 21:46:00', NULL, 10, 1, 7000, 10, 259000, 37, 37),
	(49, '2021-02-22 21:46:00', NULL, 15, 1, 7000, 10, 259000, 37, 37),
	(50, '2021-02-23 21:46:00', NULL, 0, 0, 8000, 10, 304000, 38, 38),
	(51, '2021-02-24 21:46:00', NULL, 0, 0, 9000, 10, 351000, 39, 39),
	(52, '2021-02-25 21:46:00', NULL, 0, 0, 10000, 10, 400000, 40, 40),
	(53, '2021-02-26 21:46:00', NULL, 0, 0, 1000, 10, 41000, 41, 41),
	(54, '2021-02-27 21:46:00', NULL, 0, 0, 2000, 10, 84000, 42, 42),
	(55, '2021-02-28 21:46:00', NULL, 0, 0, 3000, 10, 129000, 43, 43),
	(56, '2021-03-01 21:46:00', NULL, 0, 0, 4000, 10, 176000, 44, 44),
	(57, '2021-03-02 21:46:00', NULL, 0, 0, 5000, 10, 225000, 45, 45),
	(58, '2021-03-03 21:46:00', NULL, 0, 0, 6000, 10, 276000, 46, 46),
	(59, '2021-03-04 21:46:00', NULL, 0, 0, 7000, 10, 329000, 47, 47),
	(60, '2021-03-05 21:46:00', NULL, 0, 0, 8000, 10, 384000, 48, 48),
	(61, '2021-03-06 21:46:00', NULL, 0, 0, 9000, 10, 441000, 49, 49),
	(62, '2021-03-07 21:46:00', NULL, 0, 0, 10000, 10, 500000, 50, 50),
	(63, '2021-03-08 21:46:00', NULL, 0, 0, 1000, 10, 51000, 51, 51),
	(64, '2021-03-08 21:46:00', NULL, 3, 1, 1000, 10, 51000, 51, 51),
	(65, '2021-03-08 21:46:00', NULL, 4, 1, 1000, 10, 51000, 51, 51),
	(66, '2021-03-09 21:46:00', NULL, 0, 0, 2000, 10, 104000, 52, 52),
	(67, '2021-03-10 21:46:00', NULL, 0, 0, 3000, 10, 159000, 53, 53),
	(68, '2021-03-11 21:46:00', NULL, 0, 0, 4000, 10, 216000, 54, 54),
	(69, '2021-03-12 21:46:00', NULL, 0, 0, 5000, 10, 275000, 55, 55),
	(70, '2021-03-13 21:46:00', NULL, 0, 0, 6000, 10, 336000, 56, 56),
	(71, '2021-03-14 21:46:00', NULL, 0, 0, 7000, 10, 399000, 57, 57),
	(72, '2021-03-15 21:46:00', NULL, 0, 0, 8000, 10, 464000, 58, 58),
	(73, '2021-03-16 21:46:00', NULL, 0, 0, 9000, 10, 531000, 59, 59),
	(74, '2021-03-17 21:46:00', NULL, 0, 0, 10000, 10, 600000, 60, 60),
	(75, '2021-03-18 21:46:00', NULL, 0, 0, 1000, 10, 61000, 61, 61),
	(76, '2021-03-19 21:46:00', NULL, 0, 0, 2000, 10, 124000, 62, 62),
	(77, '2021-03-20 21:46:00', NULL, 0, 0, 3000, 10, 189000, 63, 63),
	(78, '2021-03-20 21:46:00', NULL, 2, 1, 3000, 10, 189000, 63, 63),
	(79, '2021-03-20 21:46:00', NULL, 3, 1, 3000, 10, 189000, 63, 63),
	(80, '2021-03-20 21:46:00', NULL, 4, 1, 3000, 10, 189000, 63, 63),
	(81, '2021-03-20 21:46:00', NULL, 5, 1, 3000, 10, 189000, 63, 63),
	(82, '2021-03-21 21:46:00', NULL, 0, 0, 4000, 10, 256000, 64, 64),
	(83, '2021-03-22 21:46:00', NULL, 0, 0, 5000, 10, 325000, 65, 65),
	(84, '2021-03-23 21:46:00', NULL, 0, 0, 6000, 10, 396000, 66, 66),
	(85, '2021-03-24 21:46:00', NULL, 0, 0, 7000, 10, 469000, 67, 67),
	(86, '2021-03-25 21:46:00', NULL, 0, 0, 8000, 10, 544000, 68, 68),
	(87, '2021-03-26 21:46:00', NULL, 0, 0, 9000, 10, 621000, 69, 69),
	(88, '2021-03-27 21:46:00', NULL, 0, 0, 10000, 10, 700000, 70, 70),
	(89, '2021-03-28 21:46:00', NULL, 0, 0, 1000, 10, 71000, 71, 71),
	(90, '2021-03-29 21:46:00', NULL, 0, 0, 2000, 10, 144000, 72, 72),
	(91, '2021-03-30 21:46:00', NULL, 0, 0, 3000, 10, 219000, 73, 73),
	(92, '2021-03-31 21:46:00', NULL, 0, 0, 4000, 10, 296000, 74, 74),
	(93, '2021-04-01 21:46:00', NULL, 0, 0, 5000, 10, 375000, 75, 75),
	(94, '2021-04-02 21:46:00', NULL, 0, 0, 6000, 10, 456000, 76, 76),
	(95, '2021-04-03 21:46:00', NULL, 0, 0, 7000, 10, 539000, 77, 77),
	(96, '2021-04-04 21:46:00', NULL, 0, 0, 8000, 10, 624000, 78, 78),
	(97, '2021-04-05 21:46:00', NULL, 0, 0, 9000, 10, 711000, 79, 79),
	(98, '2021-04-06 21:46:00', NULL, 0, 0, 10000, 10, 800000, 80, 80),
	(99, '2021-04-07 21:46:00', NULL, 0, 0, 1000, 10, 81000, 81, 81),
	(100, '2021-04-08 21:46:00', NULL, 0, 0, 2000, 10, 164000, 82, 82),
	(101, '2021-04-09 21:46:00', NULL, 0, 0, 3000, 10, 249000, 83, 83),
	(102, '2021-04-10 21:46:00', NULL, 0, 0, 4000, 10, 336000, 84, 84),
	(103, '2021-04-11 21:46:00', NULL, 0, 0, 5000, 10, 425000, 85, 85),
	(104, '2021-04-12 21:46:00', NULL, 0, 0, 6000, 10, 516000, 86, 86),
	(105, '2021-04-12 21:46:00', NULL, 2, 1, 6000, 10, 516000, 86, 86),
	(106, '2021-04-12 21:46:00', NULL, 3, 1, 6000, 10, 516000, 86, 86),
	(107, '2021-04-12 21:46:00', NULL, 4, 1, 6000, 10, 516000, 86, 86),
	(108, '2021-04-12 21:46:00', NULL, 5, 1, 6000, 10, 516000, 86, 86),
	(109, '2021-04-12 21:46:00', NULL, 6, 1, 6000, 10, 516000, 86, 86),
	(110, '2021-04-12 21:46:00', NULL, 7, 1, 6000, 10, 516000, 86, 86),
	(111, '2021-04-13 21:46:00', NULL, 0, 0, 7000, 10, 609000, 87, 87),
	(112, '2021-04-14 21:46:00', NULL, 0, 0, 8000, 10, 704000, 88, 88),
	(113, '2021-04-15 21:46:00', NULL, 0, 0, 9000, 10, 801000, 89, 89),
	(114, '2021-04-16 21:46:00', NULL, 0, 0, 10000, 10, 900000, 90, 90),
	(115, '2021-04-17 21:46:00', NULL, 0, 0, 1000, 10, 91000, 91, 91),
	(116, '2021-04-18 21:46:00', NULL, 0, 0, 2000, 10, 184000, 92, 92),
	(117, '2021-04-19 21:46:00', NULL, 0, 0, 3000, 10, 279000, 93, 93),
	(118, '2021-04-20 21:46:00', NULL, 0, 0, 4000, 10, 376000, 94, 94),
	(119, '2021-04-20 21:46:00', NULL, 7, 1, 4000, 10, 376000, 94, 94),
	(120, '2021-04-20 21:46:00', NULL, 8, 1, 4000, 10, 376000, 94, 94),
	(121, '2021-04-20 21:46:00', NULL, 9, 1, 4000, 10, 376000, 94, 94),
	(122, '2021-04-21 21:46:00', NULL, 0, 0, 5000, 10, 475000, 95, 95),
	(123, '2021-04-22 21:46:00', NULL, 0, 0, 6000, 10, 576000, 96, 96),
	(124, '2021-04-23 21:46:00', NULL, 0, 0, 7000, 10, 679000, 97, 97),
	(125, '2021-04-24 21:46:00', NULL, 0, 0, 8000, 10, 784000, 98, 98),
	(126, '2021-04-25 21:46:00', NULL, 0, 0, 9000, 10, 891000, 99, 99),
	(127, '2021-04-26 21:46:00', NULL, 0, 0, 10000, 10, 1000000, 100, 100);
/*!40000 ALTER TABLE `lecture_price` ENABLE KEYS */;

-- 테이블 데이터 mentoridge.lecture_subject:~0 rows (대략적) 내보내기
/*!40000 ALTER TABLE `lecture_subject` DISABLE KEYS */;
INSERT INTO `lecture_subject` (`lecture_subject_id`, `created_at`, `updated_at`, `kr_subject`, `learning_kind`, `learning_kind_id`, `lecture_id`) VALUES
	(1, '2021-01-17 21:46:00', NULL, '프론트엔드', 'IT', 1, 1),
	(2, '2021-01-18 21:46:00', NULL, '백엔드', 'IT', 1, 2),
	(3, '2021-01-19 21:46:00', NULL, '언어', 'IT', 1, 3),
	(4, '2021-01-20 21:46:00', NULL, '안드로이드', 'IT', 1, 4),
	(5, '2021-01-21 21:46:00', NULL, 'IOS', 'IT', 1, 5),
	(6, '2021-01-22 21:46:00', NULL, '임베디드 | IOT', 'IT', 1, 6),
	(7, '2021-01-23 21:46:00', NULL, '데이터 사이언스', 'IT', 1, 7),
	(8, '2021-01-24 21:46:00', NULL, '빅데이터', 'IT', 1, 8),
	(9, '2021-01-25 21:46:00', NULL, '머신러닝 딥러닝', 'IT', 1, 9),
	(10, '2021-01-26 21:46:00', NULL, '블록체인', 'IT', 1, 10),
	(11, '2021-01-27 21:46:00', NULL, '데브옵스 | 인프라', 'IT', 1, 11),
	(12, '2021-01-28 21:46:00', NULL, '데이터베이스', 'IT', 1, 12),
	(13, '2021-01-29 21:46:00', NULL, '알고리즘 | 자료구조', 'IT', 1, 13),
	(14, '2021-01-30 21:46:00', NULL, '영어', '언어', 2, 14),
	(15, '2021-01-31 21:46:00', NULL, '일본어', '언어', 2, 15),
	(16, '2021-02-01 21:46:00', NULL, '중국어', '언어', 2, 16),
	(17, '2021-02-02 21:46:00', NULL, '스페인어', '언어', 2, 17),
	(18, '2021-02-03 21:46:00', NULL, '영어', '언어', 2, 18),
	(19, '2021-02-04 21:46:00', NULL, '일본어', '언어', 2, 19),
	(20, '2021-02-05 21:46:00', NULL, '중국어', '언어', 2, 20),
	(21, '2021-02-06 21:46:00', NULL, '스페인어', '언어', 2, 21),
	(22, '2021-02-07 21:46:00', NULL, '국어', '입시', 3, 22),
	(23, '2021-02-08 21:46:00', NULL, '영어', '입시', 3, 23),
	(24, '2021-02-09 21:46:00', NULL, '수학', '입시', 3, 24),
	(25, '2021-02-10 21:46:00', NULL, '과학', '입시', 3, 25),
	(26, '2021-02-11 21:46:00', NULL, '사탐', '입시', 3, 26),
	(27, '2021-02-12 21:46:00', NULL, '헬스', '체육', 4, 27),
	(28, '2021-02-13 21:46:00', NULL, '복싱', '체육', 4, 28),
	(29, '2021-02-14 21:46:00', NULL, '킥복싱 | 무에타이', '체육', 4, 29),
	(30, '2021-02-15 21:46:00', NULL, '필라테스', '체육', 4, 30),
	(31, '2021-02-16 21:46:00', NULL, '무용', '체육', 4, 31),
	(32, '2021-02-17 21:46:00', NULL, '요가', '체육', 4, 32),
	(33, '2021-02-18 21:46:00', NULL, '춤', '체육', 4, 33),
	(34, '2021-02-19 21:46:00', NULL, '영어', '언어', 2, 34),
	(35, '2021-02-20 21:46:00', NULL, '일본어', '언어', 2, 35),
	(36, '2021-02-21 21:46:00', NULL, '중국어', '언어', 2, 36),
	(37, '2021-02-22 21:46:00', NULL, '스페인어', '언어', 2, 37),
	(38, '2021-02-23 21:46:00', NULL, '피아노', '예능', 5, 38),
	(39, '2021-02-24 21:46:00', NULL, '기타', '예능', 5, 39),
	(40, '2021-02-25 21:46:00', NULL, '바이올린', '예능', 5, 40),
	(41, '2021-02-26 21:46:00', NULL, '리코더', '예능', 5, 41),
	(42, '2021-02-27 21:46:00', NULL, '드럼', '예능', 5, 42),
	(43, '2021-02-28 21:46:00', NULL, '돌봄 및 놀이', '아동', 6, 43),
	(44, '2021-03-01 21:46:00', NULL, '영어', '언어', 2, 44),
	(45, '2021-03-02 21:46:00', NULL, '일본어', '언어', 2, 45),
	(46, '2021-03-03 21:46:00', NULL, '중국어', '언어', 2, 46),
	(47, '2021-03-04 21:46:00', NULL, '스페인어', '언어', 2, 47),
	(48, '2021-03-05 21:46:00', NULL, '중등수학', '중학교', 8, 48),
	(49, '2021-03-06 21:46:00', NULL, '중등영어', '중학교', 8, 49),
	(50, '2021-03-07 21:46:00', NULL, '프론트엔드', 'IT', 1, 50),
	(51, '2021-03-08 21:46:00', NULL, '백엔드', 'IT', 1, 51),
	(52, '2021-03-09 21:46:00', NULL, '언어', 'IT', 1, 52),
	(53, '2021-03-10 21:46:00', NULL, '안드로이드', 'IT', 1, 53),
	(54, '2021-03-11 21:46:00', NULL, 'IOS', 'IT', 1, 54),
	(55, '2021-03-12 21:46:00', NULL, '임베디드 | IOT', 'IT', 1, 55),
	(56, '2021-03-13 21:46:00', NULL, '데이터 사이언스', 'IT', 1, 56),
	(57, '2021-03-14 21:46:00', NULL, '빅데이터', 'IT', 1, 57),
	(58, '2021-03-15 21:46:00', NULL, '머신러닝 딥러닝', 'IT', 1, 58),
	(59, '2021-03-16 21:46:00', NULL, '블록체인', 'IT', 1, 59),
	(60, '2021-03-17 21:46:00', NULL, '데브옵스 | 인프라', 'IT', 1, 60),
	(61, '2021-03-18 21:46:00', NULL, '데이터베이스', 'IT', 1, 61),
	(62, '2021-03-19 21:46:00', NULL, '알고리즘 | 자료구조', 'IT', 1, 62),
	(63, '2021-03-20 21:46:00', NULL, '백엔드', 'IT', 1, 63),
	(64, '2021-03-21 21:46:00', NULL, '언어', 'IT', 1, 64),
	(65, '2021-03-22 21:46:00', NULL, '안드로이드', 'IT', 1, 65),
	(66, '2021-03-23 21:46:00', NULL, 'IOS', 'IT', 1, 66),
	(67, '2021-03-24 21:46:00', NULL, '백엔드', 'IT', 1, 67),
	(68, '2021-03-25 21:46:00', NULL, '언어', 'IT', 1, 68),
	(69, '2021-03-26 21:46:00', NULL, '안드로이드', 'IT', 1, 69),
	(70, '2021-03-27 21:46:00', NULL, 'IOS', 'IT', 1, 70),
	(71, '2021-03-28 21:46:00', NULL, '국어', '입시', 3, 71),
	(72, '2021-03-29 21:46:00', NULL, '영어', '입시', 3, 72),
	(73, '2021-03-30 21:46:00', NULL, '수학', '입시', 3, 73),
	(74, '2021-03-31 21:46:00', NULL, '과학', '입시', 3, 74),
	(75, '2021-04-01 21:46:00', NULL, '사탐', '입시', 3, 75),
	(76, '2021-04-02 21:46:00', NULL, '헬스', '체육', 4, 76),
	(77, '2021-04-03 21:46:00', NULL, '백엔드', 'IT', 1, 77),
	(78, '2021-04-04 21:46:00', NULL, '언어', 'IT', 1, 78),
	(79, '2021-04-05 21:46:00', NULL, '안드로이드', 'IT', 1, 79),
	(80, '2021-04-06 21:46:00', NULL, 'IOS', 'IT', 1, 80),
	(81, '2021-04-07 21:46:00', NULL, '요가', '체육', 4, 81),
	(82, '2021-04-08 21:46:00', NULL, '춤', '체육', 4, 82),
	(83, '2021-04-09 21:46:00', NULL, '배드민턴', '체육', 4, 83),
	(84, '2021-04-10 21:46:00', NULL, '테니스', '체육', 4, 84),
	(85, '2021-04-11 21:46:00', NULL, '달리기', '체육', 4, 85),
	(86, '2021-04-12 21:46:00', NULL, '기타', '체육', 4, 86),
	(87, '2021-04-13 21:46:00', NULL, '피아노', '예능', 5, 87),
	(88, '2021-04-14 21:46:00', NULL, '기타', '예능', 5, 88),
	(89, '2021-04-15 21:46:00', NULL, '바이올린', '예능', 5, 89),
	(90, '2021-04-16 21:46:00', NULL, '백엔드', 'IT', 1, 90),
	(91, '2021-04-17 21:46:00', NULL, '언어', 'IT', 1, 91),
	(92, '2021-04-18 21:46:00', NULL, '안드로이드', 'IT', 1, 92),
	(93, '2021-04-19 21:46:00', NULL, 'IOS', 'IT', 1, 93),
	(94, '2021-04-20 21:46:00', NULL, '유아한글', '아동', 6, 94),
	(95, '2021-04-21 21:46:00', NULL, '초등수학', '초등학교', 7, 95),
	(96, '2021-04-22 21:46:00', NULL, '초등영어', '초등학교', 7, 96),
	(97, '2021-04-23 21:46:00', NULL, '중등수학', '중학교', 8, 97),
	(98, '2021-04-24 21:46:00', NULL, '중등영어', '중학교', 8, 98),
	(99, '2021-04-25 21:46:00', NULL, '프론트엔드', 'IT', 1, 99),
	(100, '2021-04-26 21:46:00', NULL, '백엔드', 'IT', 1, 100);
/*!40000 ALTER TABLE `lecture_subject` ENABLE KEYS */;

-- 테이블 데이터 mentoridge.lecture_system_type:~0 rows (대략적) 내보내기
/*!40000 ALTER TABLE `lecture_system_type` DISABLE KEYS */;
INSERT INTO `lecture_system_type` (`lecture_id`, `system_types`) VALUES
	(1, 'ONLINE'),
	(2, 'ONLINE'),
	(3, 'ONLINE'),
	(4, 'ONLINE'),
	(5, 'ONLINE'),
	(6, 'ONLINE'),
	(7, 'ONLINE'),
	(8, 'ONLINE'),
	(9, 'ONLINE'),
	(10, 'ONLINE'),
	(11, 'ONLINE'),
	(12, 'ONLINE'),
	(13, 'ONLINE'),
	(14, 'ONLINE'),
	(15, 'ONLINE'),
	(16, 'ONLINE'),
	(17, 'ONLINE'),
	(18, 'ONLINE'),
	(19, 'ONLINE'),
	(20, 'ONLINE'),
	(21, 'ONLINE'),
	(22, 'ONLINE'),
	(23, 'ONLINE'),
	(24, 'OFFLINE'),
	(25, 'OFFLINE'),
	(26, 'OFFLINE'),
	(27, 'OFFLINE'),
	(28, 'OFFLINE'),
	(29, 'OFFLINE'),
	(30, 'OFFLINE'),
	(31, 'OFFLINE'),
	(32, 'OFFLINE'),
	(33, 'OFFLINE'),
	(34, 'OFFLINE'),
	(35, 'OFFLINE'),
	(36, 'OFFLINE'),
	(36, 'ONLINE'),
	(37, 'OFFLINE'),
	(38, 'OFFLINE'),
	(38, 'ONLINE'),
	(39, 'OFFLINE'),
	(40, 'OFFLINE'),
	(41, 'OFFLINE'),
	(41, 'ONLINE'),
	(42, 'OFFLINE'),
	(43, 'OFFLINE'),
	(43, 'ONLINE'),
	(44, 'OFFLINE'),
	(45, 'OFFLINE'),
	(46, 'OFFLINE'),
	(46, 'ONLINE'),
	(47, 'OFFLINE'),
	(48, 'OFFLINE'),
	(48, 'ONLINE'),
	(49, 'OFFLINE'),
	(50, 'OFFLINE'),
	(50, 'ONLINE'),
	(51, 'OFFLINE'),
	(52, 'OFFLINE'),
	(53, 'OFFLINE'),
	(53, 'ONLINE'),
	(54, 'OFFLINE'),
	(55, 'OFFLINE'),
	(55, 'ONLINE'),
	(56, 'OFFLINE'),
	(57, 'OFFLINE'),
	(57, 'ONLINE'),
	(58, 'OFFLINE'),
	(59, 'OFFLINE'),
	(59, 'ONLINE'),
	(60, 'OFFLINE'),
	(61, 'OFFLINE'),
	(62, 'OFFLINE'),
	(62, 'ONLINE'),
	(63, 'OFFLINE'),
	(64, 'OFFLINE'),
	(65, 'OFFLINE'),
	(65, 'ONLINE'),
	(66, 'OFFLINE'),
	(67, 'OFFLINE'),
	(68, 'OFFLINE'),
	(68, 'ONLINE'),
	(69, 'OFFLINE'),
	(69, 'ONLINE'),
	(70, 'OFFLINE'),
	(70, 'ONLINE'),
	(71, 'OFFLINE'),
	(72, 'OFFLINE'),
	(73, 'OFFLINE'),
	(73, 'ONLINE'),
	(74, 'OFFLINE'),
	(75, 'OFFLINE'),
	(75, 'ONLINE'),
	(76, 'OFFLINE'),
	(76, 'ONLINE'),
	(77, 'OFFLINE'),
	(78, 'OFFLINE'),
	(78, 'ONLINE'),
	(79, 'OFFLINE'),
	(80, 'OFFLINE'),
	(81, 'OFFLINE'),
	(81, 'ONLINE'),
	(82, 'OFFLINE'),
	(82, 'ONLINE'),
	(83, 'OFFLINE'),
	(83, 'ONLINE'),
	(84, 'OFFLINE'),
	(85, 'OFFLINE'),
	(85, 'ONLINE'),
	(86, 'OFFLINE'),
	(87, 'OFFLINE'),
	(87, 'ONLINE'),
	(88, 'OFFLINE'),
	(89, 'OFFLINE'),
	(89, 'ONLINE'),
	(90, 'OFFLINE'),
	(91, 'OFFLINE'),
	(91, 'ONLINE'),
	(92, 'OFFLINE'),
	(92, 'ONLINE'),
	(93, 'OFFLINE'),
	(94, 'OFFLINE'),
	(94, 'ONLINE'),
	(95, 'OFFLINE'),
	(96, 'OFFLINE'),
	(96, 'ONLINE'),
	(97, 'OFFLINE'),
	(97, 'ONLINE'),
	(98, 'OFFLINE'),
	(99, 'OFFLINE'),
	(99, 'ONLINE'),
	(100, 'OFFLINE');
/*!40000 ALTER TABLE `lecture_system_type` ENABLE KEYS */;

-- 테이블 데이터 mentoridge.enrollment:~0 rows (대략적) 내보내기
/*!40000 ALTER TABLE `enrollment` DISABLE KEYS */;
INSERT INTO `enrollment` (`enrollment_id`, `created_at`, `updated_at`, `canceled`, `closed`, `lecture_id`, `lecture_price_id`, `mentee_id`) VALUES
    (1, '2021-04-26 21:47:00', NULL, 0, 0, 1, 1, 101),
    (2, '2021-04-27 21:47:00', NULL, 0, 0, 2, 2, 102),
    (3, '2021-04-28 21:47:00', NULL, 0, 0, 3, 3, 103),
    (4, '2021-04-29 21:47:00', NULL, 0, 0, 4, 4, 104),
    (5, '2021-04-30 21:47:00', NULL, 0, 0, 4, 5, 105),
    (6, '2021-05-01 21:47:00', NULL, 0, 0, 5, 6, 106),
    (7, '2021-05-02 21:47:00', NULL, 0, 0, 6, 7, 107),
    (8, '2021-05-03 21:47:00', NULL, 0, 0, 7, 8, 108),
    (9, '2021-05-04 21:47:00', NULL, 0, 0, 8, 9, 109),
    (10, '2021-05-05 21:47:00', NULL, 0, 0, 8, 10, 110),
    (11, '2021-05-06 21:47:00', NULL, 0, 0, 8, 10, 111),
    (12, '2021-05-07 21:47:00', NULL, 0, 0, 8, 10, 112),
    (13, '2021-05-08 21:47:00', NULL, 0, 0, 8, 10, 113),
    (14, '2021-05-09 21:47:00', NULL, 0, 0, 8, 10, 114),
    (15, '2021-05-10 21:47:00', NULL, 0, 0, 8, 10, 115),
    (16, '2021-05-11 21:47:00', NULL, 0, 0, 8, 10, 116),
    (17, '2021-05-12 21:47:00', NULL, 0, 0, 8, 10, 117),
    (18, '2021-05-13 21:47:00', NULL, 0, 0, 8, 10, 118),
    (19, '2021-05-14 21:47:00', NULL, 0, 0, 8, 10, 119),
    (20, '2021-05-06 21:47:00', NULL, 0, 0, 9, 11, 120),
    (21, '2021-05-07 21:47:00', NULL, 0, 0, 10, 12, 121),
    (22, '2021-05-08 21:47:00', NULL, 0, 0, 11, 13, 122),
    (23, '2021-05-09 21:47:00', NULL, 0, 0, 12, 14, 123),
    (24, '2021-05-10 21:47:00', NULL, 0, 0, 13, 15, 124),
    (25, '2021-05-11 21:47:00', NULL, 0, 0, 14, 16, 125),
    (26, '2021-05-12 21:47:00', NULL, 0, 0, 15, 17, 126),
    (27, '2021-05-13 21:47:00', NULL, 0, 0, 16, 18, 127),
    (28, '2021-05-14 21:47:00', NULL, 0, 0, 16, 19, 128),
    (29, '2021-05-15 21:47:00', NULL, 0, 0, 17, 20, 129),
    (30, '2021-05-16 21:47:00', NULL, 0, 0, 18, 21, 130),
    (31, '2021-05-17 21:47:00', NULL, 0, 0, 19, 22, 131),
    (32, '2021-05-18 21:47:00', NULL, 0, 0, 20, 23, 132),
    (33, '2021-05-19 21:47:00', NULL, 0, 0, 21, 24, 133),
    (34, '2021-05-20 21:47:00', NULL, 0, 0, 22, 25, 134),
    (35, '2021-05-21 21:47:00', NULL, 0, 0, 23, 26, 135),
    (36, '2021-05-22 21:47:00', NULL, 0, 0, 24, 27, 136),
    (37, '2021-05-23 21:47:00', NULL, 0, 0, 24, 28, 137),
    (38, '2021-05-23 21:47:00', NULL, 0, 0, 24, 28, 138),
    (39, '2021-05-23 21:47:00', NULL, 0, 0, 24, 28, 139),
    (40, '2021-05-23 21:47:00', NULL, 0, 0, 24, 28, 140),
    (41, '2021-05-23 21:47:00', NULL, 0, 0, 24, 28, 141),
    (42, '2021-05-24 21:47:00', NULL, 0, 0, 24, 29, 142),
    (43, '2021-05-25 21:47:00', NULL, 0, 0, 25, 30, 143),
    (44, '2021-05-26 21:47:00', NULL, 0, 0, 26, 31, 144),
    (45, '2021-05-27 21:47:00', NULL, 0, 0, 27, 32, 145),
    (46, '2021-05-28 21:47:00', NULL, 0, 0, 28, 33, 146),
    (47, '2021-05-29 21:47:00', NULL, 0, 0, 28, 34, 147),
    (48, '2021-05-30 21:47:00', NULL, 0, 0, 28, 35, 148),
    (49, '2021-05-31 21:47:00', NULL, 0, 0, 28, 36, 149),
    (50, '2021-06-01 21:47:00', NULL, 0, 0, 28, 37, 150),
    (51, '2021-06-01 21:47:00', NULL, 0, 0, 28, 37, 151),
    (52, '2021-06-01 21:47:00', NULL, 0, 0, 28, 37, 152),
    (53, '2021-06-01 21:47:00', NULL, 0, 0, 28, 37, 153),
    (54, '2021-06-01 21:47:00', NULL, 0, 0, 28, 37, 154),
    (55, '2021-06-02 21:47:00', NULL, 0, 0, 29, 38, 155),
    (56, '2021-06-03 21:47:00', NULL, 0, 0, 30, 39, 156),
    (57, '2021-06-04 21:47:00', NULL, 0, 0, 31, 40, 157),
    (58, '2021-06-05 21:47:00', NULL, 0, 0, 32, 41, 158),
    (59, '2021-06-06 21:47:00', NULL, 0, 0, 33, 42, 159),
    (60, '2021-06-07 21:47:00', NULL, 0, 0, 34, 43, 160),
    (61, '2021-06-08 21:47:00', NULL, 0, 0, 35, 44, 161),
    (62, '2021-06-09 21:47:00', NULL, 0, 0, 36, 45, 162),
    (63, '2021-06-10 21:47:00', NULL, 0, 0, 37, 46, 163),
    (64, '2021-06-11 21:47:00', NULL, 0, 0, 37, 47, 164),
    (65, '2021-06-11 21:47:00', NULL, 0, 0, 37, 47, 165),
    (66, '2021-06-11 21:47:00', NULL, 0, 0, 37, 47, 166),
    (67, '2021-06-11 21:47:00', NULL, 0, 0, 37, 47, 167),
    (68, '2021-06-11 21:47:00', NULL, 0, 0, 37, 47, 168),
    (69, '2021-06-12 21:47:00', NULL, 0, 0, 37, 48, 169),
    (70, '2021-06-13 21:47:00', NULL, 0, 0, 37, 49, 170),
    (71, '2021-06-14 21:47:00', NULL, 0, 0, 38, 50, 171),
    (72, '2021-06-15 21:47:00', NULL, 0, 0, 39, 51, 172),
    (73, '2021-06-16 21:47:00', NULL, 0, 0, 40, 52, 173),
    (74, '2021-06-17 21:47:00', NULL, 0, 0, 41, 53, 174),
    (75, '2021-06-18 21:47:00', NULL, 0, 0, 42, 54, 175),
    (76, '2021-06-19 21:47:00', NULL, 0, 0, 43, 55, 176),
    (77, '2021-06-20 21:47:00', NULL, 0, 0, 44, 56, 177),
    (78, '2021-06-21 21:47:00', NULL, 0, 0, 45, 57, 178),
    (79, '2021-06-22 21:47:00', NULL, 0, 0, 46, 58, 179),
    (80, '2021-06-23 21:47:00', NULL, 0, 0, 47, 59, 180),
    (81, '2021-06-24 21:47:00', NULL, 0, 0, 48, 60, 181),
    (82, '2021-06-25 21:47:00', NULL, 0, 0, 49, 61, 182),
    (83, '2021-06-26 21:47:00', NULL, 0, 0, 50, 62, 183),
    (84, '2021-06-27 21:47:00', NULL, 0, 0, 51, 63, 184),
    (85, '2021-06-28 21:47:00', NULL, 0, 0, 51, 64, 185),
    (86, '2021-06-28 21:47:00', NULL, 0, 0, 51, 64, 186),
    (87, '2021-06-28 21:47:00', NULL, 0, 0, 51, 64, 187),
    (88, '2021-06-29 21:47:00', NULL, 0, 0, 51, 65, 188),
    (89, '2021-06-30 21:47:00', NULL, 0, 0, 52, 66, 189),
    (90, '2021-07-01 21:47:00', NULL, 0, 0, 53, 67, 190),
    (91, '2021-07-02 21:47:00', NULL, 0, 0, 54, 68, 101),
    (92, '2021-07-03 21:47:00', NULL, 0, 0, 55, 69, 102),
    (93, '2021-07-04 21:47:00', NULL, 0, 0, 56, 70, 103),
    (94, '2021-07-05 21:47:00', NULL, 0, 0, 57, 71, 104),
    (95, '2021-07-06 21:47:00', NULL, 0, 0, 58, 72, 105),
    (96, '2021-07-07 21:47:00', NULL, 0, 0, 59, 73, 106),
    (97, '2021-07-08 21:47:00', NULL, 0, 0, 60, 74, 107),
    (98, '2021-07-09 21:47:00', NULL, 0, 0, 61, 75, 108),
    (99, '2021-07-10 21:47:00', NULL, 0, 0, 62, 76, 109),
    (100, '2021-07-11 21:47:00', NULL, 0, 0, 63, 77, 110),
    (101, '2021-07-12 21:47:00', NULL, 0, 0, 63, 78, 111),
    (102, '2021-07-13 21:47:00', NULL, 0, 0, 63, 79, 112),
    (103, '2021-07-14 21:47:00', NULL, 0, 0, 63, 80, 113),
    (104, '2021-07-15 21:47:00', NULL, 0, 0, 63, 81, 114),
    (105, '2021-07-16 21:47:00', NULL, 0, 0, 64, 82, 115),
    (106, '2021-07-17 21:47:00', NULL, 0, 0, 65, 83, 116),
    (107, '2021-07-18 21:47:00', NULL, 0, 0, 66, 84, 117),
    (108, '2021-07-19 21:47:00', NULL, 0, 0, 67, 85, 118),
    (109, '2021-07-20 21:47:00', NULL, 0, 0, 68, 86, 119),
    (110, '2021-07-21 21:47:00', NULL, 0, 0, 69, 87, 120),
    (111, '2021-07-22 21:47:00', NULL, 0, 0, 70, 88, 121),
    (112, '2021-07-23 21:47:00', NULL, 0, 0, 71, 89, 122),
    (113, '2021-07-24 21:47:00', NULL, 0, 0, 72, 90, 123),
    (114, '2021-07-25 21:47:00', NULL, 0, 0, 73, 91, 124),
    (115, '2021-07-26 21:47:00', NULL, 0, 0, 74, 92, 125),
    (116, '2021-07-27 21:47:00', NULL, 0, 0, 75, 93, 126),
    (117, '2021-07-28 21:47:00', NULL, 0, 0, 76, 94, 127),
    (118, '2021-07-29 21:47:00', NULL, 0, 0, 77, 95, 128),
    (119, '2021-07-30 21:47:00', NULL, 0, 0, 78, 96, 129),
    (120, '2021-07-31 21:47:00', NULL, 0, 0, 79, 97, 130),
    (121, '2021-08-01 21:47:00', NULL, 0, 0, 80, 98, 131),
    (122, '2021-08-02 21:47:00', NULL, 0, 0, 81, 99, 132),
    (123, '2021-08-03 21:47:00', NULL, 0, 0, 82, 100, 133),
    (124, '2021-08-04 21:47:00', NULL, 0, 0, 83, 101, 134),
    (125, '2021-08-05 21:47:00', NULL, 0, 0, 84, 102, 135),
    (126, '2021-08-06 21:47:00', NULL, 0, 0, 85, 103, 136),
    (127, '2021-08-07 21:47:00', NULL, 0, 0, 86, 104, 137),
    (128, '2021-08-08 21:47:00', NULL, 0, 0, 86, 105, 138),
    (129, '2021-08-08 21:47:00', NULL, 0, 0, 86, 105, 139),
    (130, '2021-08-09 21:47:00', NULL, 0, 0, 86, 106, 140),
    (131, '2021-08-10 21:47:00', NULL, 0, 0, 86, 107, 141),
    (132, '2021-08-10 21:47:00', NULL, 0, 0, 86, 107, 142),
    (133, '2021-08-10 21:47:00', NULL, 0, 0, 86, 107, 143),
    (134, '2021-08-10 21:47:00', NULL, 0, 0, 86, 107, 144),
    (135, '2021-08-11 21:47:00', NULL, 0, 0, 86, 108, 145),
    (136, '2021-08-12 21:47:00', NULL, 0, 0, 86, 109, 146),
    (137, '2021-08-13 21:47:00', NULL, 0, 0, 86, 110, 147),
    (138, '2021-08-14 21:47:00', NULL, 0, 0, 87, 111, 148),
    (139, '2021-08-15 21:47:00', NULL, 0, 0, 88, 112, 149),
    (140, '2021-08-16 21:47:00', NULL, 0, 0, 89, 113, 150),
    (141, '2021-08-17 21:47:00', NULL, 0, 0, 90, 114, 151),
    (142, '2021-08-18 21:47:00', NULL, 0, 0, 91, 115, 152),
    (143, '2021-08-19 21:47:00', NULL, 0, 0, 92, 116, 153),
    (144, '2021-08-20 21:47:00', NULL, 0, 0, 93, 117, 154),
    (145, '2021-08-21 21:47:00', NULL, 0, 0, 94, 118, 155),
    (146, '2021-08-22 21:47:00', NULL, 0, 0, 94, 119, 156),
    (147, '2021-08-23 21:47:00', NULL, 0, 0, 94, 120, 157),
    (148, '2021-08-24 21:47:00', NULL, 0, 0, 94, 121, 158),
    (149, '2021-08-25 21:47:00', NULL, 0, 0, 95, 122, 159),
    (150, '2021-08-26 21:47:00', NULL, 0, 0, 96, 123, 160),
    (151, '2021-08-27 21:47:00', NULL, 0, 0, 97, 124, 161),
    (152, '2021-08-28 21:47:00', NULL, 0, 0, 98, 125, 162),
    (153, '2021-08-29 21:47:00', NULL, 0, 0, 99, 126, 163),
    (154, '2021-08-30 21:47:00', NULL, 0, 0, 100, 127, 164);
/*!40000 ALTER TABLE `enrollment` ENABLE KEYS */;

-- 테이블 데이터 mentoridge.chatroom:~0 rows (대략적) 내보내기
/*!40000 ALTER TABLE `chatroom` DISABLE KEYS */;
INSERT INTO `chatroom` (`chatroom_id`, `created_at`, `updated_at`, `accused_count`, `closed`, `enrollment_id`, `mentee_id`, `mentor_id`) VALUES
    (1, '2021-04-26 21:47:00', NULL, 0, 0, 1, 101, 1),
    (2, '2021-04-27 21:47:00', NULL, 0, 0, 2, 102, 2),
    (3, '2021-04-28 21:47:00', NULL, 0, 0, 3, 103, 3),
    (4, '2021-04-29 21:47:00', NULL, 0, 0, 4, 104, 4),
    (5, '2021-04-30 21:47:00', NULL, 0, 0, 5, 105, 4),
    (6, '2021-05-01 21:47:00', NULL, 0, 0, 6, 106, 5),
    (7, '2021-05-02 21:47:00', NULL, 0, 0, 7, 107, 6),
    (8, '2021-05-03 21:47:00', NULL, 0, 0, 8, 108, 7),
    (9, '2021-05-04 21:47:00', NULL, 0, 0, 9, 109, 8),
    (10, '2021-05-05 21:47:00', NULL, 0, 0, 10, 110, 8),
    (11, '2021-05-06 21:47:00', NULL, 0, 0, 11, 111, 8),
    (12, '2021-05-07 21:47:00', NULL, 0, 0, 12, 112, 8),
    (13, '2021-05-08 21:47:00', NULL, 0, 0, 13, 113, 8),
    (14, '2021-05-09 21:47:00', NULL, 0, 0, 14, 114, 8),
    (15, '2021-05-10 21:47:00', NULL, 0, 0, 15, 115, 8),
    (16, '2021-05-11 21:47:00', NULL, 0, 0, 16, 116, 8),
    (17, '2021-05-12 21:47:00', NULL, 0, 0, 17, 117, 8),
    (18, '2021-05-13 21:47:00', NULL, 0, 0, 18, 118, 8),
    (19, '2021-05-14 21:47:00', NULL, 0, 0, 19, 119, 8),
    (20, '2021-05-06 21:47:00', NULL, 0, 0, 20, 120, 9),
    (21, '2021-05-07 21:47:00', NULL, 0, 0, 21, 121, 10),
    (22, '2021-05-08 21:47:00', NULL, 0, 0, 22, 122, 1),
    (23, '2021-05-09 21:47:00', NULL, 0, 0, 23, 123, 2),
    (24, '2021-05-10 21:47:00', NULL, 0, 0, 24, 124, 3),
    (25, '2021-05-11 21:47:00', NULL, 0, 0, 25, 125, 4),
    (26, '2021-05-12 21:47:00', NULL, 0, 0, 26, 126, 5),
    (27, '2021-05-13 21:47:00', NULL, 0, 0, 27, 127, 6),
    (28, '2021-05-14 21:47:00', NULL, 0, 0, 28, 128, 6),
    (29, '2021-05-15 21:47:00', NULL, 0, 0, 29, 129, 7),
    (30, '2021-05-16 21:47:00', NULL, 0, 0, 30, 130, 8),
    (31, '2021-05-17 21:47:00', NULL, 0, 0, 31, 131, 9),
    (32, '2021-05-18 21:47:00', NULL, 0, 0, 32, 132, 10),
    (33, '2021-05-19 21:47:00', NULL, 0, 0, 33, 133, 21),
    (34, '2021-05-20 21:47:00', NULL, 0, 0, 34, 134, 22),
    (35, '2021-05-21 21:47:00', NULL, 0, 0, 35, 135, 23),
    (36, '2021-05-22 21:47:00', NULL, 0, 0, 36, 136, 24),
    (37, '2021-05-23 21:47:00', NULL, 0, 0, 37, 137, 24),
    (38, '2021-05-23 21:47:00', NULL, 0, 0, 38, 138, 24),
    (39, '2021-05-23 21:47:00', NULL, 0, 0, 39, 139, 24),
    (40, '2021-05-23 21:47:00', NULL, 0, 0, 40, 140, 24),
    (41, '2021-05-23 21:47:00', NULL, 0, 0, 41, 141, 24),
    (42, '2021-05-24 21:47:00', NULL, 0, 0, 42, 142, 24),
    (43, '2021-05-25 21:47:00', NULL, 0, 0, 43, 143, 25),
    (44, '2021-05-26 21:47:00', NULL, 0, 0, 44, 144, 26),
    (45, '2021-05-27 21:47:00', NULL, 0, 0, 45, 145, 27),
    (46, '2021-05-28 21:47:00', NULL, 0, 0, 46, 146, 28),
    (47, '2021-05-29 21:47:00', NULL, 0, 0, 47, 147, 28),
    (48, '2021-05-30 21:47:00', NULL, 0, 0, 48, 148, 28),
    (49, '2021-05-31 21:47:00', NULL, 0, 0, 49, 149, 28),
    (50, '2021-06-01 21:47:00', NULL, 0, 0, 50, 150, 28),
    (51, '2021-06-01 21:47:00', NULL, 0, 0, 51, 151, 28),
    (52, '2021-06-01 21:47:00', NULL, 0, 0, 52, 152, 28),
    (53, '2021-06-01 21:47:00', NULL, 0, 0, 53, 153, 28),
    (54, '2021-06-01 21:47:00', NULL, 0, 0, 54, 154, 28),
    (55, '2021-06-02 21:47:00', NULL, 0, 0, 55, 155, 29),
    (56, '2021-06-03 21:47:00', NULL, 0, 0, 56, 156, 30),
    (57, '2021-06-04 21:47:00', NULL, 0, 0, 57, 157, 31),
    (58, '2021-06-05 21:47:00', NULL, 0, 0, 58, 158, 32),
    (59, '2021-06-06 21:47:00', NULL, 0, 0, 59, 159, 33),
    (60, '2021-06-07 21:47:00', NULL, 0, 0, 60, 160, 34),
    (61, '2021-06-08 21:47:00', NULL, 0, 0, 61, 161, 35),
    (62, '2021-06-09 21:47:00', NULL, 0, 0, 62, 162, 36),
    (63, '2021-06-10 21:47:00', NULL, 0, 0, 63, 163, 37),
    (64, '2021-06-11 21:47:00', NULL, 0, 0, 64, 164, 37),
    (65, '2021-06-11 21:47:00', NULL, 0, 0, 65, 165, 37),
    (66, '2021-06-11 21:47:00', NULL, 0, 0, 66, 166, 37),
    (67, '2021-06-11 21:47:00', NULL, 0, 0, 67, 167, 37),
    (68, '2021-06-11 21:47:00', NULL, 0, 0, 68, 168, 37),
    (69, '2021-06-12 21:47:00', NULL, 0, 0, 69, 169, 37),
    (70, '2021-06-13 21:47:00', NULL, 0, 0, 70, 170, 37),
    (71, '2021-06-14 21:47:00', NULL, 0, 0, 71, 171, 38),
    (72, '2021-06-15 21:47:00', NULL, 0, 0, 72, 172, 39),
    (73, '2021-06-16 21:47:00', NULL, 0, 0, 73, 173, 40),
    (74, '2021-06-17 21:47:00', NULL, 0, 0, 74, 174, 41),
    (75, '2021-06-18 21:47:00', NULL, 0, 0, 75, 175, 42),
    (76, '2021-06-19 21:47:00', NULL, 0, 0, 76, 176, 43),
    (77, '2021-06-20 21:47:00', NULL, 0, 0, 77, 177, 44),
    (78, '2021-06-21 21:47:00', NULL, 0, 0, 78, 178, 45),
    (79, '2021-06-22 21:47:00', NULL, 0, 0, 79, 179, 46),
    (80, '2021-06-23 21:47:00', NULL, 0, 0, 80, 180, 47),
    (81, '2021-06-24 21:47:00', NULL, 0, 0, 81, 181, 48),
    (82, '2021-06-25 21:47:00', NULL, 0, 0, 82, 182, 49),
    (83, '2021-06-26 21:47:00', NULL, 0, 0, 83, 183, 40),
    (84, '2021-06-27 21:47:00', NULL, 0, 0, 84, 184, 41),
    (85, '2021-06-28 21:47:00', NULL, 0, 0, 85, 185, 41),
    (86, '2021-06-28 21:47:00', NULL, 0, 0, 86, 186, 41),
    (87, '2021-06-28 21:47:00', NULL, 0, 0, 87, 187, 41),
    (88, '2021-06-29 21:47:00', NULL, 0, 0, 88, 188, 41),
    (89, '2021-06-30 21:47:00', NULL, 0, 0, 89, 189, 42),
    (90, '2021-07-01 21:47:00', NULL, 0, 0, 90, 190, 43),
    (91, '2021-07-02 21:47:00', NULL, 0, 0, 91, 101, 44),
    (92, '2021-07-03 21:47:00', NULL, 0, 0, 92, 102, 45),
    (93, '2021-07-04 21:47:00', NULL, 0, 0, 93, 103, 46),
    (94, '2021-07-05 21:47:00', NULL, 0, 0, 94, 104, 47),
    (95, '2021-07-06 21:47:00', NULL, 0, 0, 95, 105, 48),
    (96, '2021-07-07 21:47:00', NULL, 0, 0, 96, 106, 49),
    (97, '2021-07-08 21:47:00', NULL, 0, 0, 97, 107, 60),
    (98, '2021-07-09 21:47:00', NULL, 0, 0, 98, 108, 61),
    (99, '2021-07-10 21:47:00', NULL, 0, 0, 99, 109, 62),
    (100, '2021-07-11 21:47:00', NULL, 0, 0, 100, 110, 63),
    (101, '2021-07-12 21:47:00', NULL, 0, 0, 101, 111, 63),
    (102, '2021-07-13 21:47:00', NULL, 0, 0, 102, 112, 63),
    (103, '2021-07-14 21:47:00', NULL, 0, 0, 103, 113, 63),
    (104, '2021-07-15 21:47:00', NULL, 0, 0, 104, 114, 63),
    (105, '2021-07-16 21:47:00', NULL, 0, 0, 105, 115, 64),
    (106, '2021-07-17 21:47:00', NULL, 0, 0, 106, 116, 45),
    (107, '2021-07-18 21:47:00', NULL, 0, 0, 107, 117, 46),
    (108, '2021-07-19 21:47:00', NULL, 0, 0, 108, 118, 47),
    (109, '2021-07-20 21:47:00', NULL, 0, 0, 109, 119, 48),
    (110, '2021-07-21 21:47:00', NULL, 0, 0, 110, 120, 49),
    (111, '2021-07-22 21:47:00', NULL, 0, 0, 111, 121, 70),
    (112, '2021-07-23 21:47:00', NULL, 0, 0, 112, 122, 71),
    (113, '2021-07-24 21:47:00', NULL, 0, 0, 113, 123, 72),
    (114, '2021-07-25 21:47:00', NULL, 0, 0, 114, 124, 73),
    (115, '2021-07-26 21:47:00', NULL, 0, 0, 115, 125, 74),
    (116, '2021-07-27 21:47:00', NULL, 0, 0, 116, 126, 75),
    (117, '2021-07-28 21:47:00', NULL, 0, 0, 117, 127, 76),
    (118, '2021-07-29 21:47:00', NULL, 0, 0, 118, 128, 77),
    (119, '2021-07-30 21:47:00', NULL, 0, 0, 119, 129, 78),
    (120, '2021-07-31 21:47:00', NULL, 0, 0, 120, 130, 79),
    (121, '2021-08-01 21:47:00', NULL, 0, 0, 121, 131, 80),
    (122, '2021-08-02 21:47:00', NULL, 0, 0, 122, 132, 81),
    (123, '2021-08-03 21:47:00', NULL, 0, 0, 123, 133, 82),
    (124, '2021-08-04 21:47:00', NULL, 0, 0, 124, 134, 83),
    (125, '2021-08-05 21:47:00', NULL, 0, 0, 125, 135, 80),
    (126, '2021-08-06 21:47:00', NULL, 0, 0, 126, 136, 81),
    (127, '2021-08-07 21:47:00', NULL, 0, 0, 127, 137, 82),
    (128, '2021-08-08 21:47:00', NULL, 0, 0, 128, 138, 82),
    (129, '2021-08-08 21:47:00', NULL, 0, 0, 129, 139, 82),
    (130, '2021-08-09 21:47:00', NULL, 0, 0, 130, 140, 82),
    (131, '2021-08-10 21:47:00', NULL, 0, 0, 131, 141, 82),
    (132, '2021-08-10 21:47:00', NULL, 0, 0, 132, 142, 82),
    (133, '2021-08-10 21:47:00', NULL, 0, 0, 133, 143, 82),
    (134, '2021-08-10 21:47:00', NULL, 0, 0, 134, 144, 82),
    (135, '2021-08-11 21:47:00', NULL, 0, 0, 135, 145, 82),
    (136, '2021-08-12 21:47:00', NULL, 0, 0, 136, 146, 82),
    (137, '2021-08-13 21:47:00', NULL, 0, 0, 137, 147, 82),
    (138, '2021-08-14 21:47:00', NULL, 0, 0, 138, 148, 83),
    (139, '2021-08-15 21:47:00', NULL, 0, 0, 139, 149, 80),
    (140, '2021-08-16 21:47:00', NULL, 0, 0, 140, 150, 81),
    (141, '2021-08-17 21:47:00', NULL, 0, 0, 141, 151, 82),
    (142, '2021-08-18 21:47:00', NULL, 0, 0, 142, 152, 83),
    (143, '2021-08-19 21:47:00', NULL, 0, 0, 143, 153, 80),
    (144, '2021-08-20 21:47:00', NULL, 0, 0, 144, 154, 81),
    (145, '2021-08-21 21:47:00', NULL, 0, 0, 145, 155, 82),
    (146, '2021-08-22 21:47:00', NULL, 0, 0, 146, 156, 82),
    (147, '2021-08-23 21:47:00', NULL, 0, 0, 147, 157, 82),
    (148, '2021-08-24 21:47:00', NULL, 0, 0, 148, 158, 82),
    (149, '2021-08-25 21:47:00', NULL, 0, 0, 149, 159, 83),
    (150, '2021-08-26 21:47:00', NULL, 0, 0, 150, 160, 96),
    (151, '2021-08-27 21:47:00', NULL, 0, 0, 151, 161, 97),
    (152, '2021-08-28 21:47:00', NULL, 0, 0, 152, 162, 98),
    (153, '2021-08-29 21:47:00', NULL, 0, 0, 153, 163, 99),
    (154, '2021-08-30 21:47:00', NULL, 0, 0, 154, 164, 100);
/*!40000 ALTER TABLE `chatroom` ENABLE KEYS */;

-- 테이블 데이터 mentoridge.review:~0 rows (대략적) 내보내기
/*!40000 ALTER TABLE `review` DISABLE KEYS */;
INSERT INTO `review` (`review_id`, `created_at`, `updated_at`, `content`, `score`, `enrollment_id`, `lecture_id`, `parent_id`, `user_id`) VALUES
	(1, '2021-08-30 21:47:00', NULL, 'content1', 1, 1, 1, NULL, 101),
	(2, '2021-08-31 21:47:00', NULL, 'content1_1', NULL, NULL, 1, 1, 1),
	(3, '2021-09-01 21:47:00', NULL, 'content2', 2, 2, 2, NULL, 102),
	(4, '2021-09-02 21:47:00', NULL, 'content2_1', NULL, NULL, 2, 3, 2),
	(5, '2021-09-03 21:47:00', NULL, 'content3', 3, 3, 3, NULL, 103),
	(6, '2021-09-04 21:47:00', NULL, 'content3_1', NULL, NULL, 3, 5, 3),
	(7, '2021-09-05 21:47:00', NULL, 'content4', 4, 4, 4, NULL, 104),
	(8, '2021-09-06 21:47:00', NULL, 'content4_1', NULL, NULL, 4, 7, 4),
	(9, '2021-09-07 21:47:00', NULL, 'content5', 5, 5, 4, NULL, 105),
	(10, '2021-09-08 21:47:00', NULL, 'content5_1', NULL, NULL, 4, 9, 4),
	(11, '2021-09-09 21:47:00', NULL, 'content6', 1, 6, 5, NULL, 106),
	(12, '2021-09-10 21:47:00', NULL, 'content6_1', NULL, NULL, 5, 11, 5),
	(13, '2021-09-11 21:47:00', NULL, 'content7', 2, 7, 6, NULL, 107),
	(14, '2021-09-12 21:47:00', NULL, 'content7_1', NULL, NULL, 6, 13, 6),
	(15, '2021-09-13 21:47:00', NULL, 'content8', 3, 8, 7, NULL, 108),
	(16, '2021-09-14 21:47:00', NULL, 'content8_1', NULL, NULL, 7, 15, 7),
	(17, '2021-09-15 21:47:00', NULL, 'content9', 4, 9, 8, NULL, 109),
	(18, '2021-09-16 21:47:00', NULL, 'content9_1', NULL, NULL, 8, 17, 8),
	(19, '2021-09-17 21:47:00', NULL, 'content10', 5, 10, 8, NULL, 110),
	(20, '2021-09-18 21:47:00', NULL, 'content10_1', NULL, NULL, 8, 19, 8),
	(21, '2021-09-19 21:47:00', NULL, 'content11', 1, 11, 8, NULL, 111),
	(22, '2021-09-20 21:47:00', NULL, 'content11_1', NULL, NULL, 8, 21, 8),
	(23, '2021-09-21 21:47:00', NULL, 'content12', 2, 12, 8, NULL, 112),
	(24, '2021-09-22 21:47:00', NULL, 'content12_1', NULL, NULL, 8, 23, 8),
	(25, '2021-09-23 21:47:00', NULL, 'content13', 3, 13, 8, NULL, 113),
	(26, '2021-09-24 21:47:00', NULL, 'content13_1', NULL, NULL, 8, 25, 8),
	(27, '2021-09-25 21:47:00', NULL, 'content14', 4, 14, 8, NULL, 114),
	(28, '2021-09-26 21:47:00', NULL, 'content14_1', NULL, NULL, 8, 27, 8),
	(29, '2021-09-27 21:47:00', NULL, 'content15', 5, 15, 8, NULL, 115),
	(30, '2021-09-28 21:47:00', NULL, 'content15_1', NULL, NULL, 8, 29, 8),
	(31, '2021-09-29 21:47:00', NULL, 'content16', 1, 16, 8, NULL, 116),
	(32, '2021-09-30 21:47:00', NULL, 'content16_1', NULL, NULL, 8, 31, 8),
	(33, '2021-10-01 21:47:00', NULL, 'content17', 2, 17, 8, NULL, 117),
	(34, '2021-10-02 21:47:00', NULL, 'content17_1', NULL, NULL, 8, 33, 8),
	(35, '2021-10-03 21:47:00', NULL, 'content18', 3, 18, 8, NULL, 118),
	(36, '2021-10-04 21:47:00', NULL, 'content18_1', NULL, NULL, 8, 35, 8),
	(37, '2021-10-05 21:47:00', NULL, 'content19', 4, 19, 8, NULL, 119),
	(38, '2021-10-06 21:47:00', NULL, 'content19_1', NULL, NULL, 8, 37, 8),
	(39, '2021-10-07 21:47:00', NULL, 'content20', 5, 20, 9, NULL, 120),
	(40, '2021-10-08 21:47:00', NULL, 'content20_1', NULL, NULL, 9, 39, 9),
	(41, '2021-10-09 21:47:00', NULL, 'content21', 1, 21, 10, NULL, 121),
	(42, '2021-10-10 21:47:00', NULL, 'content21_1', NULL, NULL, 10, 41, 10),
	(43, '2021-10-11 21:47:00', NULL, 'content22', 2, 22, 11, NULL, 122),
	(44, '2021-10-12 21:47:00', NULL, 'content22_1', NULL, NULL, 11, 43, 1),
	(45, '2021-10-13 21:47:00', NULL, 'content23', 3, 23, 12, NULL, 123),
	(46, '2021-10-14 21:47:00', NULL, 'content23_1', NULL, NULL, 12, 45, 2),
	(47, '2021-10-15 21:47:00', NULL, 'content24', 4, 24, 13, NULL, 124),
	(48, '2021-10-16 21:47:00', NULL, 'content24_1', NULL, NULL, 13, 47, 3),
	(49, '2021-10-17 21:47:00', NULL, 'content25', 5, 25, 14, NULL, 125),
	(50, '2021-10-18 21:47:00', NULL, 'content25_1', NULL, NULL, 14, 49, 4),
	(51, '2021-10-19 21:47:00', NULL, 'content26', 1, 26, 15, NULL, 126),
	(52, '2021-10-20 21:47:00', NULL, 'content26_1', NULL, NULL, 15, 51, 5),
	(53, '2021-10-21 21:47:00', NULL, 'content27', 2, 27, 16, NULL, 127),
	(54, '2021-10-22 21:47:00', NULL, 'content27_1', NULL, NULL, 16, 53, 6),
	(55, '2021-10-23 21:47:00', NULL, 'content28', 3, 28, 16, NULL, 128),
	(56, '2021-10-24 21:47:00', NULL, 'content28_1', NULL, NULL, 16, 55, 6),
	(57, '2021-10-25 21:47:00', NULL, 'content29', 4, 29, 17, NULL, 129),
	(58, '2021-10-26 21:47:00', NULL, 'content29_1', NULL, NULL, 17, 57, 7),
	(59, '2021-10-27 21:47:00', NULL, 'content30', 5, 30, 18, NULL, 130),
	(60, '2021-10-28 21:47:00', NULL, 'content30_1', NULL, NULL, 18, 59, 8),
	(61, '2021-10-29 21:47:00', NULL, 'content31', 1, 31, 19, NULL, 131),
	(62, '2021-10-30 21:47:00', NULL, 'content31_1', NULL, NULL, 19, 61, 9),
	(63, '2021-10-31 21:47:00', NULL, 'content32', 2, 32, 20, NULL, 132),
	(64, '2021-11-01 21:47:00', NULL, 'content32_1', NULL, NULL, 20, 63, 10),
	(65, '2021-11-02 21:47:00', NULL, 'content33', 3, 33, 21, NULL, 133),
	(66, '2021-11-03 21:47:00', NULL, 'content33_1', NULL, NULL, 21, 65, 21),
	(67, '2021-11-04 21:47:00', NULL, 'content34', 4, 34, 22, NULL, 134),
	(68, '2021-11-05 21:47:00', NULL, 'content34_1', NULL, NULL, 22, 67, 22),
	(69, '2021-11-06 21:47:00', NULL, 'content35', 5, 35, 23, NULL, 135),
	(70, '2021-11-07 21:47:00', NULL, 'content35_1', NULL, NULL, 23, 69, 23),
	(71, '2021-11-08 21:47:00', NULL, 'content36', 1, 36, 24, NULL, 136),
	(72, '2021-11-09 21:47:00', NULL, 'content36_1', NULL, NULL, 24, 71, 24),
	(73, '2021-11-10 21:47:00', NULL, 'content37', 2, 37, 24, NULL, 137),
	(74, '2021-11-11 21:47:00', NULL, 'content37_1', NULL, NULL, 24, 73, 24),
	(75, '2021-11-12 21:47:00', NULL, 'content38', 3, 38, 24, NULL, 138),
	(76, '2021-11-13 21:47:00', NULL, 'content38_1', NULL, NULL, 24, 75, 24),
	(77, '2021-11-14 21:47:00', NULL, 'content39', 4, 39, 24, NULL, 139),
	(78, '2021-11-15 21:47:00', NULL, 'content39_1', NULL, NULL, 24, 77, 24),
	(79, '2021-11-16 21:47:00', NULL, 'content40', 5, 40, 24, NULL, 140),
	(80, '2021-11-17 21:47:00', NULL, 'content41', 1, 41, 24, NULL, 141),
	(81, '2021-11-18 21:47:00', NULL, 'content42', 2, 42, 24, NULL, 142),
	(82, '2021-11-19 21:47:00', NULL, 'content42_1', NULL, NULL, 24, 81, 24),
	(83, '2021-11-20 21:47:00', NULL, 'content43', 3, 43, 25, NULL, 143),
	(84, '2021-11-21 21:47:00', NULL, 'content44', 4, 44, 26, NULL, 144),
	(85, '2021-11-22 21:47:00', NULL, 'content44_1', NULL, NULL, 26, 84, 26),
	(86, '2021-11-23 21:47:00', NULL, 'content45', 5, 45, 27, NULL, 145),
	(87, '2021-11-24 21:47:00', NULL, 'content46', 1, 46, 28, NULL, 146),
	(88, '2021-11-25 21:47:00', NULL, 'content47', 2, 47, 28, NULL, 147),
	(89, '2021-11-26 21:47:00', NULL, 'content48', 3, 48, 28, NULL, 148),
	(90, '2021-11-27 21:47:00', NULL, 'content48_1', NULL, NULL, 28, 89, 28),
	(91, '2021-11-28 21:47:00', NULL, 'content49', 4, 49, 28, NULL, 149),
	(92, '2021-11-29 21:47:00', NULL, 'content49_1', NULL, NULL, 28, 91, 28),
	(93, '2021-11-30 21:47:00', NULL, 'content50', 5, 50, 28, NULL, 150),
	(94, '2021-12-01 21:47:00', NULL, 'content51', 1, 51, 28, NULL, 151),
	(95, '2021-12-02 21:47:00', NULL, 'content52', 2, 52, 28, NULL, 152),
	(96, '2021-12-03 21:47:00', NULL, 'content52_1', NULL, NULL, 28, 95, 28),
	(97, '2021-12-04 21:47:00', NULL, 'content53', 3, 53, 28, NULL, 153),
	(98, '2021-12-05 21:47:00', NULL, 'content54', 4, 54, 28, NULL, 154),
	(99, '2021-12-06 21:47:00', NULL, 'content54_1', NULL, NULL, 28, 98, 28),
	(100, '2021-12-07 21:47:00', NULL, 'content55', 5, 55, 29, NULL, 155),
	(101, '2021-12-08 21:47:00', NULL, 'content55_1', NULL, NULL, 29, 100, 29),
	(102, '2021-12-09 21:47:00', NULL, 'content56', 1, 56, 30, NULL, 156),
	(103, '2021-12-10 21:47:00', NULL, 'content57', 2, 57, 31, NULL, 157),
	(104, '2021-12-11 21:47:00', NULL, 'content57_1', NULL, NULL, 31, 103, 31),
	(105, '2021-12-12 21:47:00', NULL, 'content58', 3, 58, 32, NULL, 158),
	(106, '2021-12-13 21:47:00', NULL, 'content59', 4, 59, 33, NULL, 159),
	(107, '2021-12-14 21:47:00', NULL, 'content60', 5, 60, 34, NULL, 160),
	(108, '2021-12-15 21:47:00', NULL, 'content60_1', NULL, NULL, 34, 107, 34),
	(109, '2021-12-16 21:47:00', NULL, 'content61', 1, 61, 35, NULL, 161),
	(110, '2021-12-17 21:47:00', NULL, 'content62', 2, 62, 36, NULL, 162),
	(111, '2021-12-18 21:47:00', NULL, 'content63', 3, 63, 37, NULL, 163),
	(112, '2021-12-19 21:47:00', NULL, 'content64', 4, 64, 37, NULL, 164),
	(113, '2021-12-20 21:47:00', NULL, 'content64_1', NULL, NULL, 37, 112, 37),
	(114, '2021-12-21 21:47:00', NULL, 'content65', 5, 65, 37, NULL, 165),
	(115, '2021-12-22 21:47:00', NULL, 'content66', 1, 66, 37, NULL, 166),
	(116, '2021-12-23 21:47:00', NULL, 'content67', 2, 67, 37, NULL, 167),
	(117, '2021-12-24 21:47:00', NULL, 'content67_1', NULL, NULL, 37, 116, 37),
	(118, '2021-12-25 21:47:00', NULL, 'content68', 3, 68, 37, NULL, 168),
	(119, '2021-12-26 21:47:00', NULL, 'content69', 4, 69, 37, NULL, 169),
	(120, '2021-12-27 21:47:00', NULL, 'content69_1', NULL, NULL, 37, 119, 37),
	(121, '2021-12-28 21:47:00', NULL, 'content70', 5, 70, 37, NULL, 170),
	(122, '2021-12-29 21:47:00', NULL, 'content70_1', NULL, NULL, 37, 121, 37),
	(123, '2021-12-30 21:47:00', NULL, 'content71', 1, 71, 38, NULL, 171),
	(124, '2021-12-31 21:47:00', NULL, 'content72', 2, 72, 39, NULL, 172),
	(125, '2022-01-01 21:47:00', NULL, 'content73', 3, 73, 40, NULL, 173),
	(126, '2022-01-02 21:47:00', NULL, 'content74', 4, 74, 41, NULL, 174),
	(127, '2022-01-03 21:47:00', NULL, 'content74_1', NULL, NULL, 41, 126, 41),
	(128, '2022-01-04 21:47:00', NULL, 'content75', 5, 75, 42, NULL, 175),
	(129, '2022-01-05 21:47:00', NULL, 'content75_1', NULL, NULL, 42, 128, 42),
	(130, '2022-01-06 21:47:00', NULL, 'content76', 1, 76, 43, NULL, 176),
	(131, '2022-01-07 21:47:00', NULL, 'content76_1', NULL, NULL, 43, 130, 43),
	(132, '2022-01-08 21:47:00', NULL, 'content77', 2, 77, 44, NULL, 177),
	(133, '2022-01-09 21:47:00', NULL, 'content78', 3, 78, 45, NULL, 178),
	(134, '2022-01-10 21:47:00', NULL, 'content79', 4, 79, 46, NULL, 179),
	(135, '2022-01-11 21:47:00', NULL, 'content80', 5, 80, 47, NULL, 180),
	(136, '2022-01-12 21:47:00', NULL, 'content81', 1, 81, 48, NULL, 181),
	(137, '2022-01-13 21:47:00', NULL, 'content81_1', NULL, NULL, 48, 136, 48),
	(138, '2022-01-14 21:47:00', NULL, 'content82', 2, 82, 49, NULL, 182),
	(139, '2022-01-15 21:47:00', NULL, 'content83', 3, 83, 50, NULL, 183),
	(140, '2022-01-16 21:47:00', NULL, 'content83_1', NULL, NULL, 50, 139, 40),
	(141, '2022-01-17 21:47:00', NULL, 'content84', 4, 84, 51, NULL, 184),
	(142, '2022-01-18 21:47:00', NULL, 'content85', 5, 85, 51, NULL, 185),
	(143, '2022-01-19 21:47:00', NULL, 'content85_1', NULL, NULL, 51, NULL, 41),
	(144, '2022-01-20 21:47:00', NULL, 'content86', 1, 86, 51, NULL, 186),
	(145, '2022-01-21 21:47:00', NULL, 'content87', 2, 87, 51, NULL, 187),
	(146, '2022-01-22 21:47:00', NULL, 'content88', 3, 88, 51, NULL, 188),
	(147, '2022-01-23 21:47:00', NULL, 'content88_1', NULL, NULL, 51, 146, 41),
	(148, '2022-01-24 21:47:00', NULL, 'content89', 4, 89, 52, NULL, 189),
	(149, '2022-01-25 21:47:00', NULL, 'content90', 5, 90, 53, NULL, 190),
	(150, '2022-01-26 21:47:00', NULL, 'content91', 1, 91, 54, NULL, 101),
	(151, '2022-01-27 21:47:00', NULL, 'content91_1', NULL, NULL, 54, 150, 44),
	(152, '2022-01-28 21:47:00', NULL, 'content92', 2, 92, 55, NULL, 102),
	(153, '2022-01-29 21:47:00', NULL, 'content93', 3, 93, 56, NULL, 103),
	(154, '2022-01-30 21:47:00', NULL, 'content93_1', NULL, NULL, 56, 153, 46),
	(155, '2022-01-31 21:47:00', NULL, 'content94', 4, 94, 57, NULL, 104),
	(156, '2022-02-01 21:47:00', NULL, 'content94_1', NULL, NULL, 57, 155, 47),
	(157, '2022-02-02 21:47:00', NULL, 'content95', 5, 95, 58, NULL, 105),
	(158, '2022-02-03 21:47:00', NULL, 'content95_1', NULL, NULL, 58, 157, 48),
	(159, '2022-02-04 21:47:00', NULL, 'content96', 1, 96, 59, NULL, 106),
	(160, '2022-02-05 21:47:00', NULL, 'content97', 2, 97, 60, NULL, 107),
	(161, '2022-02-06 21:47:00', NULL, 'content97_1', NULL, NULL, 60, 160, 60),
	(162, '2022-02-07 21:47:00', NULL, 'content98', 3, 98, 61, NULL, 108),
	(163, '2022-02-08 21:47:00', NULL, 'content99', 4, 99, 62, NULL, 109),
	(164, '2022-02-09 21:47:00', NULL, 'content99_1', NULL, NULL, 62, 163, 62),
	(165, '2022-02-10 21:47:00', NULL, 'content100', 5, 100, 63, NULL, 110),
	(166, '2022-02-11 21:47:00', NULL, 'content101', 1, 101, 63, NULL, 111),
	(167, '2022-02-12 21:47:00', NULL, 'content101_1', NULL, NULL, 63, 166, 63),
	(168, '2022-02-13 21:47:00', NULL, 'content102', 2, 102, 63, NULL, 112),
	(169, '2022-02-14 21:47:00', NULL, 'content103', 3, 103, 63, NULL, 113),
	(170, '2022-02-15 21:47:00', NULL, 'content104', 4, 104, 63, NULL, 114),
	(171, '2022-02-16 21:47:00', NULL, 'content104_1', NULL, NULL, 63, 170, 63),
	(172, '2022-02-17 21:47:00', NULL, 'content105', 5, 105, 64, NULL, 115),
	(173, '2022-02-18 21:47:00', NULL, 'content105_1', NULL, NULL, 64, 172, 64),
	(174, '2022-02-19 21:47:00', NULL, 'content106', 1, 106, 65, NULL, 116),
	(175, '2022-02-20 21:47:00', NULL, 'content107', 2, 107, 66, NULL, 117),
	(176, '2022-02-21 21:47:00', NULL, 'content108', 3, 108, 67, NULL, 118),
	(177, '2022-02-22 21:47:00', NULL, 'content108_1', NULL, NULL, 67, 176, 47),
	(178, '2022-02-23 21:47:00', NULL, 'content109', 4, 109, 68, NULL, 119),
	(179, '2022-02-24 21:47:00', NULL, 'content110', 5, 110, 69, NULL, 120),
	(180, '2022-02-25 21:47:00', NULL, 'content111', 1, 111, 70, NULL, 121),
	(181, '2022-02-26 21:47:00', NULL, 'content111_1', NULL, NULL, 70, 180, 70),
	(182, '2022-02-27 21:47:00', NULL, 'content112', 2, 112, 71, NULL, 122),
	(183, '2022-02-28 21:47:00', NULL, 'content113', 3, 113, 72, NULL, 123),
	(184, '2022-03-01 21:47:00', NULL, 'content113_1', NULL, NULL, 72, 183, 72),
	(185, '2022-03-02 21:47:00', NULL, 'content114', 4, 114, 73, NULL, 124),
	(186, '2022-03-03 21:47:00', NULL, 'content115', 5, 115, 74, NULL, 125),
	(187, '2022-03-04 21:47:00', NULL, 'content115_1', NULL, NULL, 74, 186, 74),
	(188, '2022-03-05 21:47:00', NULL, 'content116', 1, 116, 75, NULL, 126),
	(189, '2022-03-06 21:47:00', NULL, 'content117', 2, 117, 76, NULL, 127),
	(190, '2022-03-07 21:47:00', NULL, 'content118', 3, 118, 77, NULL, 128),
	(191, '2022-03-08 21:47:00', NULL, 'content118_1', NULL, NULL, 77, 190, 77),
	(192, '2022-03-09 21:47:00', NULL, 'content119', 4, 119, 78, NULL, 129),
	(193, '2022-03-10 21:47:00', NULL, 'content120', 5, 120, 79, NULL, 130),
	(194, '2022-03-11 21:47:00', NULL, 'content121', 1, 121, 80, NULL, 131),
	(195, '2022-03-12 21:47:00', NULL, 'content121_1', NULL, NULL, 80, 194, 80),
	(196, '2022-03-13 21:47:00', NULL, 'content122', 2, 122, 81, NULL, 132),
	(197, '2022-03-14 21:47:00', NULL, 'content123', 3, 123, 82, NULL, 133),
	(198, '2022-03-15 21:47:00', NULL, 'content124', 4, 124, 83, NULL, 134),
	(199, '2022-03-16 21:47:00', NULL, 'content125', 5, 125, 84, NULL, 135),
	(200, '2022-03-17 21:47:00', NULL, 'content125_1', NULL, NULL, 84, 199, 80),
	(201, '2022-03-18 21:47:00', NULL, 'content126', 1, 126, 85, NULL, 136),
	(202, '2022-03-19 21:47:00', NULL, 'content126_1', NULL, NULL, 85, 201, 81),
	(203, '2022-03-20 21:47:00', NULL, 'content127', 2, 127, 86, NULL, 137),
	(204, '2022-03-21 21:47:00', NULL, 'content128', 3, 128, 86, NULL, 138),
	(205, '2022-03-22 21:47:00', NULL, 'content129', 4, 129, 86, NULL, 139),
	(206, '2022-03-23 21:47:00', NULL, 'content129_1', NULL, NULL, 86, 205, 82),
	(207, '2022-03-24 21:47:00', NULL, 'content130', 5, 130, 86, NULL, 140),
	(208, '2022-03-25 21:47:00', NULL, 'content131', 1, 131, 86, NULL, 141),
	(209, '2022-03-26 21:47:00', NULL, 'content131_1', NULL, NULL, 86, 208, 82),
	(210, '2022-03-27 21:47:00', NULL, 'content132', 2, 132, 86, NULL, 142),
	(211, '2022-03-28 21:47:00', NULL, 'content133', 3, 133, 86, NULL, 143),
	(212, '2022-03-29 21:47:00', NULL, 'content134', 4, 134, 86, NULL, 144),
	(213, '2022-03-30 21:47:00', NULL, 'content135', 5, 135, 86, NULL, 145),
	(214, '2022-03-31 21:47:00', NULL, 'content135_1', NULL, NULL, 86, 213, 82),
	(215, '2022-04-01 21:47:00', NULL, 'content136', 1, 136, 86, NULL, 146),
	(216, '2022-04-02 21:47:00', NULL, 'content137', 2, 137, 86, NULL, 147),
	(217, '2022-04-03 21:47:00', NULL, 'content138', 3, 138, 87, NULL, 148),
	(218, '2022-04-04 21:47:00', NULL, 'content138_1', NULL, NULL, 87, 217, 83),
	(219, '2022-04-05 21:47:00', NULL, 'content139', 4, 139, 88, NULL, 149),
	(220, '2022-04-06 21:47:00', NULL, 'content140', 5, 140, 89, NULL, 150),
	(221, '2022-04-07 21:47:00', NULL, 'content141', 1, 141, 90, NULL, 151),
	(222, '2022-04-08 21:47:00', NULL, 'content141_1', NULL, NULL, 90, 221, 82),
	(223, '2022-04-09 21:47:00', NULL, 'content142', 2, 142, 91, NULL, 152),
	(224, '2022-04-10 21:47:00', NULL, 'content143', 3, 143, 92, NULL, 153),
	(225, '2022-04-11 21:47:00', NULL, 'content143_1', NULL, NULL, 92, 224, 80),
	(226, '2022-04-12 21:47:00', NULL, 'content144', 4, 144, 93, NULL, 154),
	(227, '2022-04-13 21:47:00', NULL, 'content145', 5, 145, 94, NULL, 155),
	(228, '2022-04-14 21:47:00', NULL, 'content146', 1, 146, 94, NULL, 156),
	(229, '2022-04-15 21:47:00', NULL, 'content146_1', NULL, NULL, 94, 228, 82),
	(230, '2022-04-16 21:47:00', NULL, 'content147', 2, 147, 94, NULL, 157),
	(231, '2022-04-17 21:47:00', NULL, 'content148', 3, 148, 94, NULL, 158),
	(232, '2022-04-18 21:47:00', NULL, 'content149', 4, 149, 95, NULL, 159),
	(233, '2022-04-19 21:47:00', NULL, 'content149_1', NULL, NULL, 95, 232, 83),
	(234, '2022-04-20 21:47:00', NULL, 'content150', 5, 150, 96, NULL, 160),
	(235, '2022-04-21 21:47:00', NULL, 'content151', 1, 151, 97, NULL, 161),
	(236, '2022-04-22 21:47:00', NULL, 'content151_1', NULL, NULL, 97, 236, 97),
	(237, '2022-04-23 21:47:00', NULL, 'content152', 2, 152, 98, NULL, 162),
	(238, '2022-04-24 21:47:00', NULL, 'content153', 3, 153, 99, NULL, 163),
	(239, '2022-04-25 21:47:00', NULL, 'content154', 4, 154, 100, NULL, 164);
/*!40000 ALTER TABLE `review` ENABLE KEYS */;

/*!40101 SET SQL_MODE=IFNULL(@OLD_SQL_MODE, '') */;
/*!40014 SET FOREIGN_KEY_CHECKS=IF(@OLD_FOREIGN_KEY_CHECKS IS NULL, 1, @OLD_FOREIGN_KEY_CHECKS) */;
/*!40101 SET CHARACTER_SET_CLIENT=@OLD_CHARACTER_SET_CLIENT */;
